ticket_id,created_at,first_response_at,resolved_at,status,channel,customer_id,order_id,product_sku,category,priority,assigned_team,agent_id,transfers,csat_score,refund_amount_inr,refund_reason_code,replacement_issued,customer_message,agent_notes,source_system,is_migrated,_priority,refund_inr,resolved_ist,event_ts,month,quarter,is_unresolved,agent_name,agent_team,agent_tier,sku,product_name,family,unit_cost_inr,retail_price_inr,double_payout_status,is_double_payout,replacement_cost_inr,total_leak_inr,ai_suggested_code,ai_confidence,gw_exceeds_cap,final_audited_code
TK-254466,2026-06-28 20:32:00,2026-06-28 21:16:00,2026-06-28 21:50:00,resolved,voice,C102650,VR885191,VA-SW-FIT,Charging & Battery,Low,Voice Frontline,A3026,0,,1699.0,GW-OTHER,Y,"[IVR transcript] I have to charge it twice a day now, it used to last days","Contact re rapid battery drain. chk usage pattern w/ cx. esc to wty.
Both rfnd & replacement given as cx threatened social media. //AAD",helpdesk,False,1,1699.0,2026-06-28 21:50:00,2026-06-28 21:50:00,2026-06,2026Q2,False,Aadhya Deshpande,Voice Frontline,1,VA-SW-FIT,Nexa Fit Band,watch,850,1999,confirmed_flag,True,1190.0,2889.0,REVIEW (low confidence),0.5117786964748896,True,REVIEW (exceeds Rs 500 cap)
TK-254465,2026-06-28 18:14:00,2026-06-28 18:49:00,2026-06-30 19:01:00,resolved,email,C106149,VR896666,VA-EB-PL2,Returns & Refunds,Normal,Returns Desk,A3036,0,3.0,3324.0,GW-OTHER,Y,"hello
still waiting for my refund","Customer reached out - reffund pending. chk reverse pickup QC status. Fuull refund processed (3324). Cx informed. (SOP 3.1)
Reversed the payment & dispatched a new one under RMA.",helpdesk,False,1,3324.0,2026-06-30 19:01:00,2026-06-30 19:01:00,2026-06,2026Q2,False,Ritika D'Souza,Returns Desk,1,VA-EB-PL2,Pulse 2 True Wireless Earbuds,earbuds,1480,3499,confirmed_flag,True,1820.0,5144.0,RETURN-QC-OK,0.608568255282238,True,RETURN-QC-OK
TK-254449,2026-06-28 12:26:00,2026-06-28 12:45:00,2026-07-10 15:05:00,resolved,chat,C105815,VR897482,VA-SW-NX2,Warranty & Repair,Low,Escalations & Warranty,A3039,0,3.0,6499.0,GW-OTHER,N,"hey
claim number rma36450, anyone alive there?
the nexa 2 VR897482
kindly do the needful","warranty claim status | checked rma status -> new unit shipped under doa. -- refund + rplc, cx escalation avoided. ~Reyansh",helpdesk,False,1,6499.0,2026-07-10 15:05:00,2026-07-10 15:05:00,2026-07,2026Q3,False,Reyansh Mishra,Escalations & Warranty,2,VA-SW-NX2,Nexa 2 Smartwatch,watch,2450,6499,suspected_notes,True,2790.0,9289.0,WTY-BUYBACK,0.8071461432035328,True,WTY-BUYBACK
TK-254439,2026-06-28 09:20:00,2026-06-28 09:24:00,2026-06-28 09:38:00,resolved,chat,C101010,VR894791,VA-EB-AIR,Connectivity,Low,Chat Frontline,A3010,0,,1529.0,GW-OTHER,N,"hello
bluetooth pairing fails every time
urgent","Reset done, paired ok. Issue: unable to pair w/ phone. Walked throuh forget + re-pair. | refund + rplc, cx escalation avoided. ~Tenzin",helpdesk,False,1,1529.0,2026-06-28 09:38:00,2026-06-28 09:38:00,2026-06,2026Q2,False,Tenzin Mathew,Chat Frontline,1,VA-EB-AIR,AirLite Earbuds,earbuds,760,1799,suspected_notes,True,1100.0,2629.0,WTY-BUYBACK,0.749878486381228,True,WTY-BUYBACK
TK-254381,2026-06-26 11:46:00,2026-06-26 11:55:00,2026-06-26 12:19:00,closed,chat,C101879,VR908615,VA-EB-AIR,Connectivity,Normal,Chat Frontline,A3006,0,,1709.0,GW-OTHER,Y,Honestly regretting this purchase. Ordered the AirLite buds in April. pairing is not working. I already restarted the phone. Fix this or I am posting on twitter.,"reset done, paired ok. issue: pairing failure. checked phone os version. money back to source and a fresh pair shipped. -VB",helpdesk,False,1,1709.0,2026-06-26 12:19:00,2026-06-26 12:19:00,2026-06,2026Q2,False,Varun Bhatt,Chat Frontline,1,VA-EB-AIR,AirLite Earbuds,earbuds,760,1799,confirmed_flag,True,1100.0,2809.0,WTY-BUYBACK,0.720868353269658,True,WTY-BUYBACK
TK-254348,2026-06-25 13:18:00,2026-06-25 14:14:00,2026-06-30 17:01:00,resolved,social,C104697,,VA-EB-AIR,Audio Quality,Normal,Chat Frontline,A3044,1,5.0,1709.0,GW-OTHER,Y,this is very disappointing. bought airlite around 15 jun from vireo.in. no sound from the right earbud. i already tried different phone. escalate this to someone senior.,"1. Left side silent
2. Checked balance settings with cx
3. Transferred to Escalations & Warranty
4. Replacement raised. | Refunded Rs 1709 and also raised replacement, cx was very upset.",helpdesk,False,1,1709.0,2026-06-30 17:01:00,2026-06-30 17:01:00,2026-06,2026Q2,False,Arjun Kumar,Escalations & Warranty,2,VA-EB-AIR,AirLite Earbuds,earbuds,760,1799,confirmed_flag,True,1100.0,2809.0,DOA-REPL,0.701237508977215,True,DOA-REPL
TK-254328,2026-06-24 19:46:00,2026-06-24 19:53:00,2026-06-24 20:44:00,resolved,chat,C108316,,VA-EB-PL2,Other,Normal,Chat Frontline,A3008,0,,3149.0,GW-OTHER,Y,"right side works perfectly, left one just does not wake up","Replacement raised, RMA shared w/ cx. Issue: L bud no charge in case. Asked cx to cleaan charging pins.
rfnd processed to source; replacement unit also shipped. //MEE",helpdesk,False,1,3149.0,2026-06-24 20:44:00,2026-06-24 20:44:00,2026-06,2026Q2,False,Meera Malhotra,Chat Frontline,1,VA-EB-PL2,Pulse 2 True Wireless Earbuds,earbuds,1480,3499,confirmed_flag,True,1820.0,4969.0,WTY-BUYBACK,0.662604891150769,True,WTY-BUYBACK
TK-254301,2026-06-23 19:57:00,2026-06-23 20:15:00,2026-06-23 20:48:00,resolved,voice,C101430,,VA-EB-PL2,Audio Quality,Normal,Voice Frontline,A3026,0,4.0,3324.0,GW-OTHER,N,"[IVR transcript] Dear team, Ordered pulse 2 buds 3 weeks back. Right earbud completely silent. I tried different phone. Nothing changed. I want my moneey back.","issue: no audio one side | asked cx to check bud in caes -> esc to wty. -- Issued refund + replacement both, TL aware. //AAD",helpdesk,False,1,3324.0,2026-06-23 20:48:00,2026-06-23 20:48:00,2026-06,2026Q2,False,Aadhya Deshpande,Voice Frontline,1,VA-EB-PL2,Pulse 2 True Wireless Earbuds,earbuds,1480,3499,suspected_notes,True,1820.0,5144.0,WTY-BUYBACK,0.6480922067625713,True,WTY-BUYBACK
TK-254298,2026-06-23 19:24:00,2026-06-23 19:26:00,2026-06-23 19:54:00,resolved,chat,C103328,,VA-NB-ARC,Charging & Battery,Normal,Chat Frontline,A3022,2,,1299.0,GW-OTHER,Y,"Dear Sir/Madam,

I am writing with reference to my order of the neckband placed on 01-08-2025. Dies by lunchtime with light use. I have fully charged and discharged twice. I request you to provide a resolution within 3 working days.

Regards,
Dev Gill",Cx reported rapid battery drain. Advised disabling ANC/AOD to test. Transferred to Email Frontline. Escalated to warranty. | Refund processed to source; replacement unit also shipped.,helpdesk,False,1,1299.0,2026-06-23 19:54:00,2026-06-23 19:54:00,2026-06,2026Q2,False,Daniel Arora,Email Frontline,1,VA-NB-ARC,Arc Neckband,earbuds,540,1299,confirmed_flag,True,880.0,2179.0,DOA-REPL,0.6769656369337249,True,DOA-REPL
TK-254289,2026-06-23 11:54:00,2026-06-23 22:19:00,2026-06-23 22:50:00,resolved,email,C102776,VR909863,VA-AC-CASE,Delivery & Shipping,High,Logistics,A3028,0,2.0,1039.0,GW-OTHER,N,"there's a dent on the case straight out of the box
VR909863",contact re transit damage. chk w/ crr for damage claim. reverse pkp arranged. -- money back to source & a fresh pair shipped.,helpdesk,False,1,1039.0,2026-06-23 22:50:00,2026-06-23 22:50:00,2026-06,2026Q2,False,Sameer Kapoor,Logistics,1,VA-AC-CASE,Pulse Charging Case (spare),accessory,620,1299,suspected_notes,True,960.0,1999.0,DOA-REPL,0.8796185103884785,True,DOA-REPL
TK-254260,2026-06-22 14:26:00,2026-06-22 14:27:00,2026-06-23 14:49:00,resolved,chat,C107254,,VA-SP-ORB,Delivery & Shipping,Normal,Logistics,A3030,0,2.0,5099.0,GW-OTHER,N,"Product: the Orbit smart speaker
Purchased: January 23
Issue: package not delivered even after 20 days
Tried: called the courier
Expected: replacement","Cx reported ord not delivered. conf address w/ cx. Re-shipped from warehouse.
Credited full amount, new unit also going out tomorrow. //AIS",helpdesk,False,1,5099.0,2026-06-23 14:49:00,2026-06-23 14:49:00,2026-06,2026Q2,False,Aishwarya Trivedi,Logistics,1,VA-SP-ORB,Orbit Smart Speaker,speaker,2300,5999,suspected_notes,True,2640.0,7739.0,WTY-BUYBACK,0.6395688383398216,True,WTY-BUYBACK
TK-254226,2026-06-21 13:23:00,2026-06-21 13:24:00,2026-06-21 13:40:00,resolved,chat,C104636,VR892986,VA-EB-PL2,Connectivity,Normal,Chat Frontline,A3013,0,,3324.0,DOA-REPL,Y,"To the Vireo Customer Care Team,

I am writing with reference to my order of pulse 2 buds (VR892986) placed on 09/06. It goes silent for a second every few minutes and comes back. I have kept phone in hand. I request you to process a refund to my original payment method.

Sincerely,
Manpreet Jadhav",fw update resolved. issue: intermittent disconnects. checked fw 2.7.5. | full refund issued and replacement dispatched as goodwill. ~Rohit,helpdesk,False,1,3324.0,2026-06-21 13:40:00,2026-06-21 13:40:00,2026-06,2026Q2,False,Rohit Nair,Chat Frontline,1,VA-EB-PL2,Pulse 2 True Wireless Earbuds,earbuds,1480,3499,confirmed_flag,True,1820.0,5144.0,,,False,DOA-REPL
TK-254202,2026-06-20 21:28:00,2026-06-20 22:01:00,2026-06-20 22:37:00,resolved,voice,C107099,VR893231,VA-EB-AIR,Charging & Battery,Normal,Voice Frontline,A3003,0,,1709.0,GW-OTHER,Y,[IVR transcript] hi no light comes on the case when i plug it in the airrlite buds anyone there,"1. Case not charging
2. Checked for lint in port
3. Replacement case raised (SOP 4.2) | Refund processed to source; rplc unit also shipped. -KS",helpdesk,False,1,1709.0,2026-06-20 22:37:00,2026-06-20 22:37:00,2026-06,2026Q2,False,Komal Singh,Chat Frontline,1,VA-EB-AIR,AirLite Earbuds,earbuds,760,1799,confirmed_flag,True,1100.0,2809.0,REVIEW (low confidence),0.5517206614052725,True,REVIEW (exceeds Rs 500 cap)
TK-254172,2026-06-20 09:48:00,2026-06-20 10:54:00,2026-06-25 14:12:00,resolved,voice,C107138,VR890959,VA-SW-NX2,Warranty & Repair,Normal,Escalations & Warranty,A3039,0,,6499.0,GW-OTHER,Y,"service centre took it, now silence","warranty claim status | followed up with service centre -> cx updated, eta shared (sop 3.1) -- amount returned to card; fresh unit shipped from blr warehouse. ~Reyansh",helpdesk,False,1,6499.0,2026-06-25 14:12:00,2026-06-25 14:12:00,2026-06,2026Q2,False,Reyansh Mishra,Escalations & Warranty,2,VA-SW-NX2,Nexa 2 Smartwatch,watch,2450,6499,confirmed_flag,True,2790.0,9289.0,REVIEW (low confidence),0.5165400911327535,True,REVIEW (exceeds Rs 500 cap)
TK-254135,2026-06-18 13:24:00,2026-06-18 14:30:00,2026-06-20 17:53:00,resolved,voice,C103008,,VA-EB-PL2,Warranty & Repair,Normal,Escalations & Warranty,A3041,0,,2799.0,WTY-BUYBACK,Y,"hello
i sent the unit in 9 days ago and have heard nothing
??","1. Warranty claim status
2. Checked QC report
3. Cx updated, ETA shared. Sent a new unit and released the money as well, cx was in tears on call.",helpdesk,False,1,2799.0,2026-06-20 17:53:00,2026-06-20 17:53:00,2026-06,2026Q2,False,Mohammed Mehta,Escalations & Warranty,2,VA-EB-PL2,Pulse 2 True Wireless Earbuds,earbuds,1480,3499,confirmed_flag,True,1820.0,4619.0,,,False,WTY-BUYBACK
TK-240429,2025-02-04 12:28:00,2025-02-04 12:28:00,2025-02-04 12:44:00,resolved,chat,C102027,VR884192,VA-EB-PL1,Delivery & Shipping,Normal,Logistics,A3029,0,,2124.0,GW-OTHER,Y,"Product: pulse 1
Order: VR884192
Purchased: January 21
Issue: there's a dent on the case straight out of the box
Tried: refused nothing as I didn't notice till later
Expected: refund","refund initiated. issue: damaged in transit. photos received, damage confirmed. | full refund issued and replacement dispatched as goodwill. -RM",helpdesk,True,1,2124.0,2025-02-04 18:14:00,2025-02-04 18:14:00,2025-02,2025Q1,False,Rajat Mukherjee,Logistics,1,VA-EB-PL1,Pulse True Wireless Earbuds,earbuds,1120,2499,confirmed_flag,True,1460.0,3584.0,DOA-REPL,0.9866088820896919,True,DOA-REPL
TK-254064,2026-06-15 20:17:00,2026-06-16 02:15:00,2026-06-19 02:32:00,resolved,email,C106363,,VA-EB-PL2,Other,Normal,Email Frontline,A3001,0,3.0,3149.0,GW-OTHER,Y,"dear sir/madam, got my pulse 2 from vireo.in 2 weeks ago. paid on 02/06, still waiting for something to show up. i checked with neighbours. nothing changed. how do i get this fixed? please revert","cust contacted re shipment not received. raied ticket with courier partner. refund initiaed as lost in transit. | refund + rplc, cx escalation avoided. ~Suresh",helpdesk,False,1,3149.0,2026-06-19 02:32:00,2026-06-19 02:32:00,2026-06,2026Q2,False,Suresh Kaur,Chat Frontline,1,VA-EB-PL2,Pulse 2 True Wireless Earbuds,earbuds,1480,3499,confirmed_flag,True,1820.0,4969.0,REVIEW (low confidence),0.36039023497012684,True,REVIEW (exceeds Rs 500 cap)
TK-254003,2026-06-13 17:23:00,2026-06-13 18:32:00,2026-06-15 18:47:00,resolved,email,C108900,VR886607,VA-AC-CH65,Delivery & Shipping,Normal,Logistics,A3030,0,,1349.0,WTY-BUYBACK,N,product arrived damaged - vr886607,Customer reached out - transit damage. Checked with crr for damage claim. rplc dispatched. Both rfnd & replacement given as cx threatened social media. //AIS,helpdesk,False,1,1349.0,2026-06-15 18:47:00,2026-06-15 18:47:00,2026-06,2026Q2,False,Aishwarya Trivedi,Logistics,1,VA-AC-CH65,65W GaN Charger,accessory,610,1499,suspected_notes,True,950.0,2299.0,,,False,WTY-BUYBACK
TK-253997,2026-06-13 11:13:00,2026-06-13 11:22:00,2026-06-16 11:39:00,resolved,chat,C101832,VR882872,VA-HP-ST3,Delivery & Shipping,Low,Logistics,A3027,0,4.0,6299.0,GW-OTHER,Y,order status stuck on shipped since 07-06-2026,Cx reported delivery delayed. conf address with cx. Refund initiated as lost in transit. Case closed with cx consent. Reversed the payment and dispatched a new one under RMA.,helpdesk,False,1,6299.0,2026-06-16 11:39:00,2026-06-16 11:39:00,2026-06,2026Q2,False,Priya Agarwal,Logistics,1,VA-HP-ST3,Strata 3 Over-Ear Headphones,headphones,2650,6999,confirmed_flag,True,2990.0,9289.0,WTY-BUYBACK,0.757898602635009,True,WTY-BUYBACK
TK-253977,2026-06-12 18:03:00,2026-06-12 18:20:00,2026-06-13 18:46:00,resolved,voice,C108850,VR881886,VA-EB-PL1,Delivery & Shipping,Normal,Logistics,A3030,0,2.0,2124.0,WTY-BUYBACK,N,"This is regarding my Pulse.  Package not delivered even after 17 days.
I called the courier.
Kindly look into it.
Thanks & regards","cx: shipment not received | confirmed address with cx -> rfnd initiated as lost in transit.
Processed FR & raised RMA for new set. //AIS",helpdesk,False,1,2124.0,2026-06-13 18:46:00,2026-06-13 18:46:00,2026-06,2026Q2,False,Aishwarya Trivedi,Logistics,1,VA-EB-PL1,Pulse True Wireless Earbuds,earbuds,1120,2499,suspected_notes,True,1460.0,3584.0,,,False,WTY-BUYBACK
TK-253966,2026-06-12 10:49:00,2026-06-12 14:40:00,2026-06-12 14:50:00,resolved,email,C107441,VR908750,VA-AC-CASE,Delivery & Shipping,Normal,Logistics,A3030,0,,1299.0,GW-OTHER,N,"Dear Sir/Madam,

I am writing with reference to my order of spare case (VR908750) placed on June 02. The courier marked it delvered but nobody in my house got anything. I have chcked the tracking page daily. I request u to look into this matter at the earliest.

Regards,
Kabir Arora","Cust contacted re shipment not received. Confirmed address with cx. RTO confirmed, reshipped. -- refund + rplc, cx escalation avoided. //AIS",helpdesk,False,1,1299.0,2026-06-12 14:50:00,2026-06-12 14:50:00,2026-06,2026Q2,False,Aishwarya Trivedi,Logistics,1,VA-AC-CASE,Pulse Charging Case (spare),accessory,620,1299,suspected_notes,True,960.0,2259.0,REVIEW (low confidence),0.5450739603156111,True,REVIEW (exceeds Rs 500 cap)
TK-253903,2026-06-09 20:41:00,2026-06-09 20:46:00,2026-06-09 21:07:00,resolved,chat,C104297,,VA-SW-NX2,Connectivity,Normal,Chat Frontline,A3009,0,5.0,6499.0,DOA-REPL,Y,"dear team,
got nexa 2 from amazon a month ago.  cannot pair nexa 2 with my laptop.
i tied on aonther phone.
how do i get thhis fixed?
awaiting response ayan bansal","Re-pair successful, rslvd on chat. Issue: device not discoverable. Walked through forget + re-pair. | Full refund issued and rplc dispatched as goodwill. //SUK",helpdesk,False,1,6499.0,2026-06-09 21:07:00,2026-06-09 21:07:00,2026-06,2026Q2,False,Sukhwinder Singh,Chat Frontline,1,VA-SW-NX2,Nexa 2 Smartwatch,watch,2450,6499,confirmed_flag,True,2790.0,9289.0,,,False,DOA-REPL
TK-253839,2026-06-08 08:28:00,2026-06-08 09:16:00,2026-06-08 09:45:00,resolved,email,C100564,VR885091,VA-EB-PL2,Connectivity,Normal,Email Frontline,A3021,0,,3149.0,DOA-REPL,N,"helo
cannot pair pulse 2 with my laptop
urgent","re: pairing failure | chk phoen os version -> adv fw update via app, rslvd. Both refund and rplc given as cx threatened social media. ~Meera",helpdesk,False,1,3149.0,2026-06-08 09:45:00,2026-06-08 09:45:00,2026-06,2026Q2,False,Meera Mathew,Email Frontline,1,VA-EB-PL2,Pulse 2 True Wireless Earbuds,earbuds,1480,3499,suspected_notes,True,1820.0,4969.0,,,False,DOA-REPL
TK-253810,2026-06-07 13:48:00,2026-06-07 13:53:00,2026-06-08 14:11:00,resolved,chat,C100391,VR891747,VA-SP-MINI,Returns & Refunds,Normal,Returns Desk,A3037,0,,2499.0,DOA-REPL,Y,u picked up the item 21 days ago and my money hasn't come back. what do i do now?,"refund approved, rs 2499, 5-7 working days. issue: refund not credited. chk reverse pickup qc status. issued rfnd + rplc both, tl aware. ~Manish",helpdesk,False,1,2499.0,2026-06-08 14:11:00,2026-06-08 14:11:00,2026-06,2026Q2,False,Manish Iyer,Returns Desk,1,VA-SP-MINI,Orbit Mini Speaker,speaker,980,2499,confirmed_flag,True,1320.0,3819.0,,,False,DOA-REPL
TK-253804,2026-06-07 11:19:00,2026-06-07 12:34:00,2026-06-07 12:55:00,resolved,social,C103138,VR901201,VA-EB-PL2,Charging & Battery,Normal,Chat Frontline,A3006,0,4.0,3324.0,GW-OTHER,N,"not acceptable at this price.  bought my pulse 2 around march 19 from vireo.in. the left earbud is not charging at all. i already tried a different cable. i want a replacement or refund, nothing else.","1. left earbud not taking charge
2. asked cx to clean charging pins
3. replacement raised, rma shared with cx. | full refund issued and replacement dispatched as goodwill. -VB",helpdesk,False,1,3324.0,2026-06-07 12:55:00,2026-06-07 12:55:00,2026-06,2026Q2,False,Varun Bhatt,Chat Frontline,1,VA-EB-PL2,Pulse 2 True Wireless Earbuds,earbuds,1480,3499,suspected_notes,True,1820.0,5144.0,DOA-REPL,0.7601572444013374,True,DOA-REPL
TK-240751,2025-02-26 13:31:00,2025-02-26 16:16:00,2025-02-27 16:38:00,resolved,email,C109239,VR884454,VA-HP-ST3,Returns & Refunds,Normal,Returns Desk,A3036,0,4.0,6649.0,WTY-BUYBACK,N,"helo
you picked up the item 16 days ago and my money hasn't come bcak
strata 3","Contact re refund pending. chk refuund status on PG. Refund reprocessed. Will monitor. (SOP 4.2) | Sent a new unit and released the money as well, cx was in tears on call.",helpdesk,True,1,6649.0,2025-02-27 22:08:00,2025-02-27 22:08:00,2025-02,2025Q1,False,Ritika D'Souza,Returns Desk,1,VA-HP-ST3,Strata 3 Over-Ear Headphones,headphones,2650,6999,suspected_notes,True,2990.0,9639.0,,,False,WTY-BUYBACK
TK-253679,2026-06-03 10:16:00,2026-06-03 10:20:00,2026-06-03 10:37:00,resolved,chat,C100464,,VA-EB-PL2,Returns & Refunds,Normal,Returns Desk,A3038,0,,2799.0,GW-OTHER,N,"Hi there, This is regarding pulse 2 buds. Refund was promised 10 days ago and nothing. I emailed twice. Please help. Awaiting response","1. Refund pending
2. chk reverse pkp QC status
3. ARN shared with cx. Processed FR and raised RMA for new set.",helpdesk,False,1,2799.0,2026-06-03 10:37:00,2026-06-03 10:37:00,2026-06,2026Q2,False,Ankit Dhillon,Returns Desk,1,VA-EB-PL2,Pulse 2 True Wireless Earbuds,earbuds,1480,3499,suspected_notes,True,1820.0,4619.0,RETURN-QC-OK,0.6507843007851034,True,RETURN-QC-OK
TK-253675,2026-06-03 08:32:00,2026-06-03 08:34:00,2026-06-03 08:58:00,closed,chat,C100857,,VA-HP-ST3,Charging & Battery,Normal,Chat Frontline,A3010,0,2.0,6999.0,DOA-REPL,N,"hi sir
dies by lunchtime w/ light use
pls reply","rplc raised after test. Issue: battery draining fast. Checked usage ptatern w/ cx. -- Issued rfnd + replacement both, TL aware. ~Tenzin",helpdesk,False,1,6999.0,2026-06-03 08:58:00,2026-06-03 08:58:00,2026-06,2026Q2,False,Tenzin Mathew,Chat Frontline,1,VA-HP-ST3,Strata 3 Over-Ear Headphones,headphones,2650,6999,suspected_notes,True,2990.0,9989.0,,,False,DOA-REPL
TK-253663,2026-06-02 18:13:00,2026-06-02 18:43:00,2026-06-02 19:01:00,closed,chat,C105615,,VA-EB-PL2,Audio Quality,Normal,Chat Frontline,A3005,0,,2799.0,DOA-REPL,N,"got pulse 2 from vireo.in 3 weeks back.  no sound from the right earbud. i reset the buds. waiting for your reply. rgds, siddharth","replacement unit dispatched. -- refund + rplc, cx escalation avoided.",helpdesk,False,1,2799.0,2026-06-02 19:01:00,2026-06-02 19:01:00,2026-06,2026Q2,False,Payal Bhatia,Chat Frontline,1,VA-EB-PL2,Pulse 2 True Wireless Earbuds,earbuds,1480,3499,suspected_notes,True,1820.0,4619.0,,,False,DOA-REPL
TK-253630,2026-06-01 18:49:00,2026-06-01 18:56:00,2026-06-01 19:43:00,resolved,chat,C103274,VR894581,VA-EB-PL2,Charging & Battery,Normal,Chat Frontline,A3015,0,4.0,3499.0,DOA-REPL,N,really frustrating. ordered pulse 2 buds 10 days ago. app shows the left at 0 percent no matter how long its in the case. i already tried another charger. escalate this to someone senior.,"Advised to observe for 48h & revert. Issue: left bud not charging. Tested w/ cx on call. -- Sent a new unit & released the money as well, cx was in tears on call. [closed]",helpdesk,False,1,3499.0,2026-06-01 19:43:00,2026-06-01 19:43:00,2026-06,2026Q2,False,Sameer Jadhav,Chat Frontline,1,VA-EB-PL2,Pulse 2 True Wireless Earbuds,earbuds,1480,3499,suspected_notes,True,1820.0,5319.0,,,False,DOA-REPL
TK-253615,2026-06-01 11:12:00,2026-06-01 11:19:00,,pending,chat,C108059,VR882229,VA-EB-PL2,Audio Quality,Low,Chat Frontline,A3011,0,,2974.0,GW-OTHER,Y,"team,
no sound from the right earbud
bahut pareshan hu
the pulse 2 earbuds vr882229
hello??",see prv. Full rfnd issued & replacement dispatched as goodwill.,helpdesk,False,1,2974.0,,2026-06-01 11:12:00,2026-06,2026Q2,True,Rohit Gill,Chat Frontline,1,VA-EB-PL2,Pulse 2 True Wireless Earbuds,earbuds,1480,3499,confirmed_flag,True,1820.0,4794.0,REVIEW (low confidence),0.4626064645968654,True,REVIEW (exceeds Rs 500 cap)
TK-253599,2026-05-31 18:24:00,2026-06-01 02:52:00,2026-06-13 05:42:00,resolved,social,C108062,VR889923,VA-SW-NX1,Warranty & Repair,Low,Escalations & Warranty,A3039,0,3.0,4749.0,GW-OTHER,Y,"hey
what is the status of my warranty claim
nexa watch VR889923
help","customer states warranty claim status. followed up with service centre. cx updated, eta shared. cx informed. (sop 5.4) -- credited full amount, new unit also going out tomorrow. ~Reyansh",helpdesk,False,1,4749.0,2026-06-13 05:42:00,2026-06-13 05:42:00,2026-06,2026Q2,False,Reyansh Mishra,Escalations & Warranty,2,VA-SW-NX1,Nexa Smartwatch,watch,1900,4999,confirmed_flag,True,2240.0,6989.0,DOA-REPL,0.8402977234238533,True,DOA-REPL
TK-240963,2025-03-10 19:58:00,2025-03-10 20:58:00,2025-03-10 21:18:00,resolved,email,C100871,,VA-SW-FIT,Delivery & Shipping,Normal,Logistics,A3030,0,3.0,1599.0,GW-OTHER,Y,"Hi team, This is regarding Nxea Fit. Order not delivered, tracking not updating. I called the courier. Nothing changed. I wnt a replacement. Please revert","Reported: ord not delivered. Raised ticket with courier partner. RTO conf, reshipped. -- Cx got the amount back, also sending a new set to keep him happy. //AIS",helpdesk,True,1,1599.0,2025-03-11 02:48:00,2025-03-11 02:48:00,2025-03,2025Q1,False,Aishwarya Trivedi,Logistics,1,VA-SW-FIT,Nexa Fit Band,watch,850,1999,confirmed_flag,True,1190.0,2789.0,REVIEW (low confidence),0.46830386088014486,True,REVIEW (exceeds Rs 500 cap)
TK-253589,2026-05-31 14:26:00,2026-05-31 14:31:00,2026-05-31 14:41:00,resolved,chat,C108620,VR886072,VA-EB-PL2,Delivery & Shipping,Normal,Logistics,A3030,0,,3499.0,DOA-REPL,N,"helo
paid on 28 may, still waiting for something to show up","cx states dlvry delayed. Raised ticket with crr partner. crr confirmed dlvry for 01 Jun, cx informed.
Refund done and new unit sent as one-time gesture. //AIS",helpdesk,False,1,3499.0,2026-05-31 14:41:00,2026-05-31 14:41:00,2026-05,2026Q2,False,Aishwarya Trivedi,Logistics,1,VA-EB-PL2,Pulse 2 True Wireless Earbuds,earbuds,1480,3499,suspected_notes,True,1820.0,5319.0,,,False,DOA-REPL
TK-253569,2026-05-31 09:25:00,2026-05-31 09:26:00,2026-06-01 13:36:00,resolved,chat,C106120,VR884091,VA-SW-FIT,Warranty & Repair,Normal,Escalations & Warranty,A3036,1,,1999.0,GW-OTHER,Y,"claim number RMA51604, anyone alive there?","Reported: warranty clami status. Checked RMA status. Transferred to Returns Desk. Repair completed, shipped back. Will monitor. (SOP 3.1) -- refund + rplc, cx escalation avoided.",helpdesk,False,1,1999.0,2026-06-01 13:36:00,2026-06-01 13:36:00,2026-06,2026Q2,False,Ritika D'Souza,Returns Desk,1,VA-SW-FIT,Nexa Fit Band,watch,850,1999,confirmed_flag,True,1190.0,3189.0,WTY-BUYBACK,0.6774851147165523,True,WTY-BUYBACK
TK-253515,2026-05-29 21:12:00,2026-05-29 21:17:00,,pending,chat,C100149,,VA-EB-PL2,Connectivity,High,Chat Frontline,A3014,0,,3499.0,WTY-BUYBACK,Y,"Dera Sir/Madam,

I am writinng with reference to my odrer of Pulse2 placed on 07 May.  My phone just doesn't see it in the list anymore. I have forgot the device and tried again. I request you to provide a resolution within 3 working days.

Sincerely,
Tanvi Yadav","adv FW update via app, rslvd. Issue: device not discoverable. chk phone OS version. -- Refunded Rs 3499 & also raised rplc, cx was very upset. -AD",helpdesk,False,1,3499.0,,2026-05-29 21:12:00,2026-05,2026Q2,True,Anjali D'Souza,Chat Frontline,1,VA-EB-PL2,Pulse 2 True Wireless Earbuds,earbuds,1480,3499,confirmed_flag,True,1820.0,5319.0,,,False,WTY-BUYBACK
TK-253451,2026-05-27 18:08:00,2026-05-27 18:31:00,2026-05-27 18:52:00,resolved,chat,C105670,VR902816,VA-HP-ST3,Audio Quality,Normal,Chat Frontline,A3009,0,,6999.0,GW-OTHER,N,"helo
i hear music in one ear only, other is mute",Cust contacted re no audio one side. Asked cx to check bud in case. Escalated to warranty. | Refund processed to source; rplc unit also shipped. //SUK,helpdesk,False,1,6999.0,2026-05-27 18:52:00,2026-05-27 18:52:00,2026-05,2026Q2,False,Sukhwinder Singh,Chat Frontline,1,VA-HP-ST3,Strata 3 Over-Ear Headphones,headphones,2650,6999,suspected_notes,True,2990.0,9989.0,WTY-BUYBACK,0.7526653968674597,True,WTY-BUYBACK
TK-253437,2026-05-27 10:17:00,2026-05-27 11:29:00,2026-05-27 11:54:00,resolved,social,C102875,,VA-SW-NX2,Delivery & Shipping,Normal,Logistics,A3027,0,,5199.0,WTY-BUYBACK,N,"Dear Sir/Madam,

I am writing w/ reference to my order of the Nexa 2 placed on 19 May.  My order has not been delivered yet. I have checked w/ neighbours. I request u to provide a resolution within 3 working days.

Regards,
Kabir Mehta
Kochi","1. Shipment not receivde
2. Connfirmed address with cx
3. Re-shipped from warehouse. | Processed FR and raised RMA for new set.",helpdesk,False,1,5199.0,2026-05-27 11:54:00,2026-05-27 11:54:00,2026-05,2026Q2,False,Priya Agarwal,Logistics,1,VA-SW-NX2,Nexa 2 Smartwatch,watch,2450,6499,suspected_notes,True,2790.0,7989.0,,,False,WTY-BUYBACK
TK-253349,2026-05-25 00:12:00,2026-05-25 00:15:00,2026-05-25 00:30:00,resolved,chat,C106895,,VA-EB-PL2,Other,Normal,Chat Frontline,A3016,1,,2974.0,DOA-REPL,Y,IT GOES SILENT FOR A SCEOND EVERY FEW MINUTES AND COMES BACK - PLEASE HELP,"Cx says connection dropping. Checked interference sources. Transferred to Email Frontline. rplc approved, reverse pkp arranged. Refunded Rs 2974 and also raised replacement, cx was very upset. -TK",helpdesk,False,1,2974.0,2026-05-25 00:30:00,2026-05-25 00:30:00,2026-05,2026Q2,False,Thomas Kumar,Email Frontline,1,VA-EB-PL2,Pulse 2 True Wireless Earbuds,earbuds,1480,3499,confirmed_flag,True,1820.0,4794.0,,,False,DOA-REPL
TK-253345,2026-05-24 21:52:00,2026-05-24 22:40:00,2026-06-02 00:19:00,resolved,social,C102407,,VA-SP-MINI,Other,Normal,Chat Frontline,A3017,0,,2124.0,GW-OTHER,Y,"team,
no update on my repair
pls jalldi
the mini speaker","cx reached out - rma status query. followed up w/ service centre. replacement raised, rma shared w/ cx. cx got the amount back, also sending a new set to keep him happy. -KS",helpdesk,False,1,2124.0,2026-06-02 00:19:00,2026-06-02 00:19:00,2026-06,2026Q2,False,Kabir Singh,Email Frontline,1,VA-SP-MINI,Orbit Mini Speaker,speaker,980,2499,confirmed_flag,True,1320.0,3444.0,DOA-REPL,0.713199432874761,True,DOA-REPL
TK-253341,2026-05-24 19:27:00,2026-05-24 21:08:00,2026-05-24 21:50:00,resolved,email,C103150,,VA-EB-PL2,Audio Quality,Normal,Email Frontline,A3018,0,,3499.0,DOA-REPL,N,"hey
no sound frmo teh right earbud
my pulse 2","cx: no audio one side | walked throuh resset -> replacement raised. -- Credited full amount, new unit also going out tomorrow. ~Krishna",helpdesk,False,1,3499.0,2026-05-24 21:50:00,2026-05-24 21:50:00,2026-05,2026Q2,False,Krishna Bhatt,Email Frontline,1,VA-EB-PL2,Pulse 2 True Wireless Earbuds,earbuds,1480,3499,suspected_notes,True,1820.0,5319.0,,,False,DOA-REPL
TK-253135,2026-05-18 20:15:00,2026-05-18 20:36:00,2026-05-18 21:00:00,resolved,voice,C107082,VR906267,VA-EB-PL2,Connectivity,Normal,Voice Frontline,A3026,0,4.0,3499.0,GW-OTHER,N,"[IVR transcript] hi there, pulse 2 purchased around diwali, order vr906267. it connects for a second and then vanishes from the device list. i tried on another phone. nothing changed. please help. regards","issue: pairing failure | chk phone os version -> re-pair successful, rslvd on chat. Both rfnd and rplc given as cx threatened social media. //AAD",helpdesk,False,1,3499.0,2026-05-18 21:00:00,2026-05-18 21:00:00,2026-05,2026Q2,False,Aadhya Deshpande,Voice Frontline,1,VA-EB-PL2,Pulse 2 True Wireless Earbuds,earbuds,1480,3499,suspected_notes,True,1820.0,5319.0,DOA-REPL,0.7123345997140691,True,DOA-REPL
TK-252982,2026-05-14 02:07:00,2026-05-14 15:14:00,2026-05-14 15:25:00,resolved,email,C102221,VR903695,VA-EB-PL2,Delivery & Shipping,Normal,Logistics,A3030,0,,3499.0,WTY-BUYBACK,Y,"Dear Sir/Madam,

I am writing with reference to my order of pulse 2 buds (VR903695) placed on 09-05-2026. Order not delivered, tracking not updating. I have checked the tracking page daily. I request you to process a refund to my original payment method.

Regards,
Isah Dutta
Guwahati","Ticket raised for dlvry delayed. Raised ticket with courier partner. Courier conf dlvry for 17 May, cx informed. | Amount returned to card; fresh unit shipped from BLR warehouse. //AIS",helpdesk,False,1,3499.0,2026-05-14 15:25:00,2026-05-14 15:25:00,2026-05,2026Q2,False,Aishwarya Trivedi,Logistics,1,VA-EB-PL2,Pulse 2 True Wireless Earbuds,earbuds,1480,3499,confirmed_flag,True,1820.0,5319.0,,,False,WTY-BUYBACK
TK-252973,2026-05-13 18:00:00,2026-05-13 18:01:00,2026-05-21 19:40:00,resolved,chat,C103860,,VA-EB-PL2,Warranty & Repair,Normal,Escalations & Warranty,A3044,0,,5598.0,DOA-REPL,N,"team,
lfet side has no audio at all
around Diwali se
help","1. No audio one side
2. Asked cx to check bud in case
3. Replacement unit dispatched.
Money back to source and a fresh pair shipped.",helpdesk,False,1,5598.0,2026-05-21 19:40:00,2026-05-21 19:40:00,2026-05,2026Q2,False,Arjun Kumar,Escalations & Warranty,2,VA-EB-PL2,Pulse 2 True Wireless Earbuds,earbuds,1480,3499,suspected_notes,True,1820.0,7418.0,,,False,DOA-REPL
TK-252952,2026-05-13 07:21:00,2026-05-13 07:23:00,2026-05-13 07:43:00,resolved,chat,C108894,VR894839,VA-SW-NX2,Charging & Battery,High,Chat Frontline,A3007,0,,5524.0,WTY-BUYBACK,N,"Hi Vireo support,
Nexa 2 purchased last month, order VR894839. Battery draining even when not in use.
I fully charged and discharged twice. Nothing changed.
Need this sorted this week.
Please revert","1. poor battery backup
2. chk fw 1.4.0
3. fw update pushed, adv to monitor. -- processed fr & raised rma for new set.",helpdesk,False,1,5524.0,2026-05-13 07:43:00,2026-05-13 07:43:00,2026-05,2026Q2,False,Abhishek Gupta,Chat Frontline,1,VA-SW-NX2,Nexa 2 Smartwatch,watch,2450,6499,suspected_notes,True,2790.0,8314.0,,,False,WTY-BUYBACK
TK-252703,2026-05-04 21:35:00,2026-05-04 21:39:00,2026-05-04 22:08:00,resolved,chat,C101656,VR888761,VA-HP-ST2,Audio Quality,Normal,Chat Frontline,A3008,0,,7998.0,GW-OTHER,Y,"static noise when playing music
vr888761
kindly look into it","adv EQ reset, rslvd. Issue: crackling/distortion. chk w/ different source. -- Reversed the payment & dispatched a new one under RMA. //MEE",helpdesk,False,1,7998.0,2026-05-04 22:08:00,2026-05-04 22:08:00,2026-05,2026Q2,False,Meera Malhotra,Chat Frontline,1,VA-HP-ST2,Strata 2 Over-Ear Headphones,headphones,2100,4999,confirmed_flag,True,2440.0,10438.0,WTY-BUYBACK,0.9446906159544639,True,WTY-BUYBACK
TK-252678,2026-05-03 21:20:00,2026-05-03 21:59:00,2026-05-03 22:21:00,resolved,voice,C107909,VR906781,VA-EB-PL2,Delivery & Shipping,Normal,Logistics,A3030,0,,2799.0,GW-OTHER,Y,"Namaste,
Ordder VR906781 (the Pulse 2 earbuds). Received the wrong item.
I checked the invoice. Nothing changed.
Not acceptable at this price.
Pleae resolve asap.
Regards Kavya Mukherjee",as discussed //AIS,helpdesk,False,1,2799.0,2026-05-03 22:21:00,2026-05-03 22:21:00,2026-05,2026Q2,False,Aishwarya Trivedi,Logistics,1,VA-EB-PL2,Pulse 2 True Wireless Earbuds,earbuds,1480,3499,confirmed_flag,True,1820.0,4619.0,REVIEW (low confidence),0.3186807493314553,True,REVIEW (exceeds Rs 500 cap)
TK-252675,2026-05-03 19:09:00,2026-05-03 20:45:00,2026-05-05 01:44:00,resolved,email,C107245,VR908098,VA-SP-MINI,Warranty & Repair,Low,Escalations & Warranty,A3040,0,,2499.0,GW-OTHER,Y,"Hello Vireo, I bought Orbit Mini on 16/11. No update on my repair. I emailed twice. Please advise. Regards, Ritika Khan","rma status qeury | checked qc report -> replacement approved and dispatched.
Processed FR and raised RMA for new set.",helpdesk,False,1,2499.0,2026-05-05 01:44:00,2026-05-05 01:44:00,2026-05,2026Q2,False,Thomas Jadhav,Escalations & Warranty,2,VA-SP-MINI,Orbit Mini Speaker,speaker,980,2499,confirmed_flag,True,1320.0,3819.0,WTY-BUYBACK,0.9366631315464562,True,WTY-BUYBACK
TK-252514,2026-04-27 22:44:00,2026-04-27 22:45:00,2026-04-27 23:15:00,resolved,chat,C100828,VR889909,VA-EB-PL2,Connectivity,Normal,Chat Frontline,A3003,0,,3149.0,GW-OTHER,N,"Hi there,
Got pulse 2 buds from vireo.in last week. THE PAIRING LIGHT BLINKS BUT NOTHING EVER SHOWS UP ON MY PIXEL.
I FORGOT THE DVICE AND TRIED AGAIN. Nothing changed.
Please advise.
Awaiting response Swati","1. Pairing failure
2. Asked cx to reset the device
3. Re-pair successful, rslvd on chat.
rfnd processed to source; rplc unit also shipped. -KS",helpdesk,False,1,3149.0,2026-04-27 23:15:00,2026-04-27 23:15:00,2026-04,2026Q2,False,Komal Singh,Chat Frontline,1,VA-EB-PL2,Pulse 2 True Wireless Earbuds,earbuds,1480,3499,suspected_notes,True,1820.0,4969.0,REVIEW (low confidence),0.4663161712247329,True,REVIEW (exceeds Rs 500 cap)
TK-252466,2026-04-26 08:47:00,2026-04-26 08:56:00,2026-04-26 09:15:00,resolved,chat,C107294,VR898020,VA-SP-MINI,Audio Quality,Normal,Chat Frontline,A3013,0,4.0,2499.0,WTY-BUYBACK,Y,Honestly regretting this purchase. I bougth Orbit Mni on March 04. crackling sound in the left side. I already tried wired mode. Fix this or I am psoting on twitter,"fw update, cx to monitor. issue: crackling/distortion. checked fw. -- amount returned to card; fresh unit shipped from blr warehouse. ~Rohit",helpdesk,False,1,2499.0,2026-04-26 09:15:00,2026-04-26 09:15:00,2026-04,2026Q2,False,Rohit Nair,Chat Frontline,1,VA-SP-MINI,Orbit Mini Speaker,speaker,980,2499,confirmed_flag,True,1320.0,3819.0,,,False,WTY-BUYBACK
TK-242158,2025-05-14 15:57:00,2025-05-14 16:08:00,2025-05-14 16:31:00,resolved,chat,C108329,VR909654,VA-AC-CH65,Delivery & Shipping,Normal,Logistics,A3030,0,4.0,2998.0,GW-OTHER,Y,"bhai
my order has not been delivered yet
abhi tak kuch nahi hua
your charger
pls reply","Reported: order not delivered. conf address w/ cx. Courier conf delivery for 18 May, cx informed. | Processed FR & raised RMA for new set. //AIS",helpdesk,True,1,2998.0,2025-05-14 22:01:00,2025-05-14 22:01:00,2025-05,2025Q2,False,Aishwarya Trivedi,Logistics,1,VA-AC-CH65,65W GaN Charger,accessory,610,1499,confirmed_flag,True,950.0,3948.0,WTY-BUYBACK,0.6045415193626291,True,WTY-BUYBACK
TK-252408,2026-04-23 19:22:00,2026-04-23 19:54:00,2026-04-26 20:17:00,resolved,voice,C105672,VR887526,VA-EB-PL2,Delivery & Shipping,High,Logistics,A3030,0,,3499.0,GW-OTHER,N,"[IVR transcript] Bought Pulse 2 around 25 Aug from vireo.in. The parcel looked like it was kicked here from the warehouse, and the unit has a crack. I took photos. What do I do now?","Reported: damaged in transit. Photos received, damage confirmed. rplc approved, reverse pkp arranged. refund + rplc, cx escalation avoided. //AIS",helpdesk,False,1,3499.0,2026-04-26 20:17:00,2026-04-26 20:17:00,2026-04,2026Q2,False,Aishwarya Trivedi,Logistics,1,VA-EB-PL2,Pulse 2 True Wireless Earbuds,earbuds,1480,3499,suspected_notes,True,1820.0,5319.0,DOA-REPL,0.9579278727164671,True,DOA-REPL
TK-252308,2026-04-20 07:27:00,2026-04-20 07:29:00,2026-04-23 07:52:00,resolved,chat,C101054,VR881487,VA-SW-NX2,Delivery & Shipping,Normal,Logistics,A3028,0,,6499.0,GW-OTHER,N,"Dear Sir/Madam,

I am writing with reference to my order of my Nexa 2 wtach (VR881487) placed on April 10.  Package not delivered even after 21 days. I have called the courier. I request you to provide a resolution within 3 working days.

Sincerely,
Lakshmi Goyal","cust contacted re ord not delivered. chk awb with courier. rto conf, reshipped. -- processed fr & raised rma for new set.",helpdesk,False,1,6499.0,2026-04-23 07:52:00,2026-04-23 07:52:00,2026-04,2026Q2,False,Sameer Kapoor,Logistics,1,VA-SW-NX2,Nexa 2 Smartwatch,watch,2450,6499,suspected_notes,True,2790.0,9289.0,LOST-TRANSIT,0.7093330296384291,True,LOST-TRANSIT
TK-252281,2026-04-19 11:09:00,2026-04-19 11:12:00,2026-04-20 11:33:00,resolved,chat,C107825,,VA-EB-PL2,Delivery & Shipping,Normal,Logistics,A3027,0,,3499.0,DOA-REPL,N,"Dear Sir/Madam,

I am writing with reference to my order of Pulse 2 placed on 15-04-2026. I haven't received my order. I have checked the tracking page daily. I request you to process a refund to my original payment method.

Sincerely,
Rahul Agarwal","Re-shipped from warehouse. Issue: order not delivered. Raised ticket with crr partner.
Issued rfnd + rplc both, TL aware.",helpdesk,False,1,3499.0,2026-04-20 11:33:00,2026-04-20 11:33:00,2026-04,2026Q2,False,Priya Agarwal,Logistics,1,VA-EB-PL2,Pulse 2 True Wireless Earbuds,earbuds,1480,3499,suspected_notes,True,1820.0,5319.0,,,False,DOA-REPL
TK-252185,2026-04-16 09:17:00,2026-04-16 09:52:00,2026-04-16 10:32:00,resolved,chat,C104559,VR884926,VA-EB-PL2,Audio Quality,Normal,Chat Frontline,A3011,0,,2799.0,GW-OTHER,N,Pathetic experience honestly. Bought Pulse2 around 19/03 from vireo.in. no sound from the right earbud. I already checked balance settings. Escalate this to someone senior.,"New unit shpped under DOA. Issue: no audio one side. Asked cx to chheck bud in case.
Credited full amount, new unit also going out tomorrow.",helpdesk,False,1,2799.0,2026-04-16 10:32:00,2026-04-16 10:32:00,2026-04,2026Q2,False,Rohit Gill,Chat Frontline,1,VA-EB-PL2,Pulse 2 True Wireless Earbuds,earbuds,1480,3499,suspected_notes,True,1820.0,4619.0,DOA-REPL,0.8328309106307337,True,DOA-REPL
TK-252146,2026-04-15 06:21:00,2026-04-15 06:22:00,2026-04-15 06:37:00,closed,chat,C105273,,VA-EB-PL1,Billing & Payments,Normal,Billing,A3032,0,4.0,2374.0,DOA-REPL,Y,this is v disappointing. bought the pulse buds around 08-04-2026 from vireo.in. the return was accepted but the amount is nowhere in my account. i already checked bank. fix this or i am posting on twitter.,"1. refund pending
2. chk refund status on pg
3. refund confirmed credited. processed fr and raised rma for new set. ~Sneha",helpdesk,False,1,2374.0,2026-04-15 06:37:00,2026-04-15 06:37:00,2026-04,2026Q2,False,Sneha Bansal,Billing,1,VA-EB-PL1,Pulse True Wireless Earbuds,earbuds,1120,2499,confirmed_flag,True,1460.0,3834.0,,,False,DOA-REPL
TK-242534,2025-06-02 22:21:00,2025-06-02 22:30:00,2025-06-02 23:06:00,resolved,chat,C103359,VR907976,VA-NB-ARC,Audio Quality,Normal,Chat Frontline,A3003,0,,1104.0,WTY-BUYBACK,Y,"heello
no sound from the rigt earbud
the neckband VR907976","1. No audio one side
2. Walked through reset
3. Reset rslvd (SOP 3.1)
Refunded Rs 1104 and also raised rplc, cx was very upset. -KS",helpdesk,True,1,1104.0,2025-06-03 04:36:00,2025-06-03 04:36:00,2025-06,2025Q2,False,Komal Singh,Chat Frontline,1,VA-NB-ARC,Arc Neckband,earbuds,540,1299,confirmed_flag,True,880.0,1984.0,,,False,WTY-BUYBACK
TK-252024,2026-04-09 19:26:00,2026-04-09 22:25:00,2026-04-11 22:39:00,resolved,email,C100689,VR884950,VA-EB-PL1,Delivery & Shipping,Normal,Logistics,A3027,0,,2499.0,GW-OTHER,Y,"To the Vireo Customer Care Team,

I am writing with reference to my order of the Pulse buds (VR884950) placed on 04 Apr. Paid on 04 Apr, still waiting for something to show up. I have called the courier. I request you to process a refund to my original payment method.

Sincerely,
Ishaan Mishra","1. dlvry delayed
2. Raised ticket with courier partner
3. RTO confirmed, reshipped. | Sent a new unit and released the money as well, cx was in tears on call.",helpdesk,False,1,2499.0,2026-04-11 22:39:00,2026-04-11 22:39:00,2026-04,2026Q2,False,Priya Agarwal,Logistics,1,VA-EB-PL1,Pulse True Wireless Earbuds,earbuds,1120,2499,confirmed_flag,True,1460.0,3959.0,REVIEW (low confidence),0.3664042877427371,True,REVIEW (exceeds Rs 500 cap)
TK-252010,2026-04-09 11:54:00,2026-04-09 12:02:00,2026-04-09 12:28:00,resolved,chat,C106987,VR906674,VA-HP-ST3,Delivery & Shipping,Normal,Logistics,A3031,0,,6999.0,GW-OTHER,Y,"Hello Vireo, Ordered my Strata 3 headphones around Diwali. Order not delivered, tracking not updating. I checked with neighbours. What do I do now? Thanks in advance","Re-shipped from warehouse. Issue: order not delivered. Confirmed address with cx. refund + rplc, cx escalation avoided.",helpdesk,False,1,6999.0,2026-04-09 12:28:00,2026-04-09 12:28:00,2026-04,2026Q2,False,Zaid Desai,Logistics,1,VA-HP-ST3,Strata 3 Over-Ear Headphones,headphones,2650,6999,confirmed_flag,True,2990.0,9989.0,REVIEW (low confidence),0.4073264836259592,True,REVIEW (exceeds Rs 500 cap)
TK-251991,2026-04-08 18:32:00,2026-04-08 18:34:00,2026-04-09 18:45:00,closed,chat,C106295,VR882201,VA-EB-AIR,Delivery & Shipping,Low,Logistics,A3030,0,,1799.0,DOA-REPL,Y,"This is very disappointing. Bought airlite earbuds around 07-04-2026 from Amazon. order status stukc on shipped since 07-04-2026. I already checked the tracking page daily. I want a replacement or refund, nothing else.","Customer reached out - dlvry delayed. Raised ticket w/ crr partner. Re-shipped from warehouse. Credited full amount, new unit also going out tomorrow. //AIS",helpdesk,False,1,1799.0,2026-04-09 18:45:00,2026-04-09 18:45:00,2026-04,2026Q2,False,Aishwarya Trivedi,Logistics,1,VA-EB-AIR,AirLite Earbuds,earbuds,760,1799,confirmed_flag,True,1100.0,2899.0,,,False,DOA-REPL
TK-242598,2025-06-06 11:12:00,2025-06-06 12:25:00,2025-06-11 12:43:00,resolved,email,C105408,VR908618,VA-HP-ST3,Delivery & Shipping,Normal,Logistics,A3028,0,4.0,5599.0,WTY-BUYBACK,N,"namaste, bought the strata 3 around june 05 from vireo.in. order status stuck on shipped since june 05. i checked with neighbours. honestly regretting this purchase. need this sorted this week. rgds,","ticket raised for dlvry delayed. conf address w/ cx. crr conf dlvry for 12 jun, cx informed. credited full amount, new unit also going out tomorrow.",helpdesk,True,1,5599.0,2025-06-11 18:13:00,2025-06-11 18:13:00,2025-06,2025Q2,False,Sameer Kapoor,Logistics,1,VA-HP-ST3,Strata 3 Over-Ear Headphones,headphones,2650,6999,suspected_notes,True,2990.0,8589.0,,,False,WTY-BUYBACK
TK-251880,2026-04-05 22:21:00,2026-04-06 01:19:00,2026-04-06 01:36:00,resolved,email,C107010,VR882803,VA-EB-PL2,Audio Quality,High,Email Frontline,A3017,0,,3499.0,WTY-BUYBACK,Y,"Dear Sir/Madam,

I am writing with reference to my order of my Pulse 2 (VR882803) placed on 22 Nov. Left side has no audio at all. I have reset the buds. I request you to kindly arrange a replacement.

Regards,
Arjun Desai",cx reported single side audio only. asked cx to check bud in case. esc to wty. -- rfnd done and new unit sent as one-time gesture. -KS,helpdesk,False,1,3499.0,2026-04-06 01:36:00,2026-04-06 01:36:00,2026-04,2026Q2,False,Kabir Singh,Email Frontline,1,VA-EB-PL2,Pulse 2 True Wireless Earbuds,earbuds,1480,3499,confirmed_flag,True,1820.0,5319.0,,,False,WTY-BUYBACK
TK-251873,2026-04-05 19:05:00,2026-04-05 19:51:00,2026-04-09 21:10:00,resolved,voice,C101047,VR908050,VA-EB-PL1,Other,Normal,Voice Frontline,A3039,1,2.0,375.0,DOA-REPL,N,"Hello, Ordered the Pulse buds a month ago. App shows the left at 0 percent no matter how long its in the case. I tried a different cable. I want my money back.",left bud not charging | asked cx to clean charging pins -> replacement raised for full set | xfer escalations & warranty,helpdesk,False,1,375.0,2026-04-09 21:10:00,2026-04-09 21:10:00,2026-04,2026Q2,False,Reyansh Mishra,Escalations & Warranty,2,VA-EB-PL1,Pulse True Wireless Earbuds,earbuds,1120,2499,suspected_notes,True,1460.0,1835.0,,,False,DOA-REPL
TK-251840,2026-04-04 18:22:00,2026-04-04 18:24:00,2026-04-07 18:44:00,resolved,chat,C107019,VR881852,VA-EB-PL2,Delivery & Shipping,Normal,Logistics,A3030,0,,3499.0,GW-OTHER,Y,"hello ji
paid on 21-02-2026, still waitnig for something to show up
anyone there","Cust contacted re shipment not received. Checked AWB with courier. RTO confirmed, reshipped. -- Credited full amount, new unit also going out tomorrow. //AIS",helpdesk,False,1,3499.0,2026-04-07 18:44:00,2026-04-07 18:44:00,2026-04,2026Q2,False,Aishwarya Trivedi,Logistics,1,VA-EB-PL2,Pulse 2 True Wireless Earbuds,earbuds,1480,3499,confirmed_flag,True,1820.0,5319.0,DOA-REPL,0.6091300448245109,True,DOA-REPL
TK-251708,2026-03-31 19:34:00,2026-03-31 21:19:00,2026-04-02 21:44:00,closed,email,C106814,,VA-EB-PL2,Delivery & Shipping,Normal,Logistics,A3030,0,,2974.0,GW-OTHER,N,"To the Vireo Customer Care Team,

I am writing with reference to my order of Pulse 2 placed on 18 Mar. Paid on 18 Mar, still waiting for somethinng to sohw up. I have called the courier. I request you to process a refund to my original payment method.

Sincerely,
Sneha Menon
Bohpal","1. ord not delivered
2. Checked AWB w/ courier
3. Refund initiated as lost in transit. | Refund processed to source; replacement unit also shipped. //AIS",helpdesk,False,1,2974.0,2026-04-02 21:44:00,2026-04-02 21:44:00,2026-04,2026Q2,False,Aishwarya Trivedi,Logistics,1,VA-EB-PL2,Pulse 2 True Wireless Earbuds,earbuds,1480,3499,suspected_notes,True,1820.0,4794.0,REVIEW (low confidence),0.3345384657578301,True,REVIEW (exceeds Rs 500 cap)
TK-251706,2026-03-31 17:31:00,2026-03-31 17:32:00,2026-03-31 17:54:00,closed,chat,C103374,VR908740,VA-EB-PL2,Connectivity,High,Chat Frontline,A3004,0,3.0,3499.0,GW-OTHER,Y,"teh Pulse 2 earbuuds purchased 3 weeks back, order VR908740. Keeps losing my phone if I walk to the other room.
I turned off wifi. Nothing changed.
Please help.",sorted. | processed fr and raised rma for new set.,helpdesk,False,1,3499.0,2026-03-31 17:54:00,2026-03-31 17:54:00,2026-03,2026Q1,False,Geeta Dutta,Chat Frontline,1,VA-EB-PL2,Pulse 2 True Wireless Earbuds,earbuds,1480,3499,confirmed_flag,True,1820.0,5319.0,WTY-BUYBACK,0.6789413224029588,True,WTY-BUYBACK
TK-251655,2026-03-30 12:19:00,2026-03-30 14:41:00,2026-04-04 15:09:00,resolved,email,C109294,VR893480,VA-EB-PL2,Delivery & Shipping,Normal,Logistics,A3030,0,,3499.0,WTY-BUYBACK,Y,"hey
package not delivered even atfer 6 days
pulse 2
hello??","see prev. -- Issued rfnd + replacement both, TL aware. //AIS",helpdesk,False,1,3499.0,2026-04-04 15:09:00,2026-04-04 15:09:00,2026-04,2026Q2,False,Aishwarya Trivedi,Logistics,1,VA-EB-PL2,Pulse 2 True Wireless Earbuds,earbuds,1480,3499,confirmed_flag,True,1820.0,5319.0,,,False,WTY-BUYBACK
TK-251635,2026-03-29 23:41:00,2026-03-30 00:11:00,2026-03-30 00:53:00,resolved,email,C106622,,VA-EB-PL1,Audio Quality,Normal,Email Frontline,A3016,0,,2499.0,DOA-REPL,Y,one of them is just decoration at this point,"Cx says left side silent. Walked through reset. Refunded Rs 2499. (SOP 4.2) -- rplc was offered earlier by chat team, cx opted for rfnd. -TK",helpdesk,False,1,2499.0,2026-03-30 00:53:00,2026-03-30 00:53:00,2026-03,2026Q1,False,Thomas Kumar,Email Frontline,1,VA-EB-PL1,Pulse True Wireless Earbuds,earbuds,1120,2499,confirmed_flag,True,1460.0,3959.0,,,False,DOA-REPL
TK-251633,2026-03-29 17:50:00,2026-03-29 18:20:00,2026-03-29 18:52:00,resolved,chat,C106421,VR891591,VA-SW-FIT,Connectivity,Low,Chat Frontline,A3014,0,,1999.0,GW-OTHER,N,"hello ji
bluetooth pairing fails every time
??","1. Unable to pair w/ phone
2. Checked phone OS version
3. Re-pair successful, rsllvd on caht. -- rfnd processed to source; rplc unit also shipped. -AD",helpdesk,False,1,1999.0,2026-03-29 18:52:00,2026-03-29 18:52:00,2026-03,2026Q1,False,Anjali D'Souza,Chat Frontline,1,VA-SW-FIT,Nexa Fit Band,watch,850,1999,suspected_notes,True,1190.0,3189.0,WTY-BUYBACK,0.8652145507859217,True,WTY-BUYBACK
TK-251620,2026-03-29 11:38:00,2026-03-29 11:41:00,2026-03-29 12:16:00,resolved,chat,C104610,VR897550,VA-NB-ARC,Connectivity,High,Chat Frontline,A3013,0,2.0,1299.0,GW-OTHER,Y,"bluetooth keeps cutting out, VR897550, i want my money back","1. connection droppping
2. advised to tet in different location
3. replacement raised, rma shared with cx. | refunded rs 1299 and also raised replacement, cx was very upset. ~Rohit",helpdesk,False,1,1299.0,2026-03-29 12:16:00,2026-03-29 12:16:00,2026-03,2026Q1,False,Rohit Nair,Chat Frontline,1,VA-NB-ARC,Arc Neckband,earbuds,540,1299,confirmed_flag,True,880.0,2179.0,REVIEW (low confidence),0.4805782531766444,True,REVIEW (exceeds Rs 500 cap)
TK-251571,2026-03-27 23:16:00,2026-03-27 23:32:00,2026-03-27 23:58:00,resolved,chat,C106453,VR908339,VA-NB-ARC,Audio Quality,Normal,Chat Frontline,A3017,1,2.0,1299.0,WTY-BUYBACK,Y,"HI THERE, THIS IS REGARDING ARC NECKBAND. Microphone is very low on the Arc neckband. Can someone fix this? Thanks & regards Om",rplc raised. issue: low mic pkp. tested on call w/ cx. via email frontline. full rfnd issued & rplc dispatched as goodwill. -KS,helpdesk,False,1,1299.0,2026-03-27 23:58:00,2026-03-27 23:58:00,2026-03,2026Q1,False,Kabir Singh,Email Frontline,1,VA-NB-ARC,Arc Neckband,earbuds,540,1299,confirmed_flag,True,880.0,2179.0,,,False,WTY-BUYBACK
TK-251537,2026-03-26 22:16:00,2026-03-26 22:22:00,2026-03-26 22:53:00,resolved,chat,C102426,VR898989,VA-EB-PL2,Audio Quality,Normal,Chat Frontline,A3003,0,4.0,3149.0,WTY-BUYBACK,Y,"Hello Vireo, Order VR898989 (my Pulse 2). Microphone is v low on the my Pulse 2. Waiting for ur reply. Regards, Tanvi Trivedi","1. Mic not working on calls
2. chk mic permissions on phone
3. FW update adv (SOP 3.1) -- Money back to source and a fresh pair shipped. -KS",helpdesk,False,1,3149.0,2026-03-26 22:53:00,2026-03-26 22:53:00,2026-03,2026Q1,False,Komal Singh,Chat Frontline,1,VA-EB-PL2,Pulse 2 True Wireless Earbuds,earbuds,1480,3499,confirmed_flag,True,1820.0,4969.0,,,False,WTY-BUYBACK
TK-251476,2026-03-25 06:10:00,2026-03-25 07:01:00,2026-03-25 07:26:00,resolved,email,C105317,,VA-AC-CASE,Delivery & Shipping,Normal,Logistics,A3031,0,,1299.0,DOA-REPL,Y,"hii
got a different colour than ordered
kindly do the needful","Replacement unit dispatched. Issue: incorrect product shipped. Verified order vs delivered item photos. Issued refund + replacement both, TL aware.",helpdesk,False,1,1299.0,2026-03-25 07:26:00,2026-03-25 07:26:00,2026-03,2026Q1,False,Zaid Desai,Logistics,1,VA-AC-CASE,Pulse Charging Case (spare),accessory,620,1299,confirmed_flag,True,960.0,2259.0,,,False,DOA-REPL
TK-251472,2026-03-24 23:59:00,2026-03-25 00:03:00,2026-03-30 00:15:00,resolved,chat,C106701,,VA-EB-PL2,Delivery & Shipping,Normal,Logistics,A3029,0,,3324.0,DOA-REPL,N,"order not delivered, tracking not updating",refund initiated as lost in transit. issue: shipment not received. raised ticket with courier partner. -- both refund and replacement given as cx threatened social media. -RM,helpdesk,False,1,3324.0,2026-03-30 00:15:00,2026-03-30 00:15:00,2026-03,2026Q1,False,Rajat Mukherjee,Logistics,1,VA-EB-PL2,Pulse 2 True Wireless Earbuds,earbuds,1480,3499,suspected_notes,True,1820.0,5144.0,,,False,DOA-REPL
TK-251410,2026-03-23 13:12:00,2026-03-23 13:50:00,2026-03-23 14:28:00,resolved,social,C103459,,VA-HP-ST3,Audio Quality,Normal,Chat Frontline,A3010,0,,5599.0,GW-OTHER,Y,"Hi there,
Ordered my Strata 3 headphones 10 days ago. Everything sounds like it is coming from one direction now.
I reset the buds. Nothing changed.
Please resolve asap.
Thanks & regards,",Customer reached out - lefft side silent. Checked balance settings w/ cx. Reset resolved. Cx informed. -- Payment reversed Rs 5599. New piece dispatched same day. ~Tenzin,helpdesk,False,1,5599.0,2026-03-23 14:28:00,2026-03-23 14:28:00,2026-03,2026Q1,False,Tenzin Mathew,Chat Frontline,1,VA-HP-ST3,Strata 3 Over-Ear Headphones,headphones,2650,6999,confirmed_flag,True,2990.0,8589.0,DOA-REPL,0.686054668081772,True,DOA-REPL
TK-243154,2025-07-05 10:43:00,2025-07-05 12:45:00,2025-07-10 13:05:00,resolved,email,C106567,VR897135,VA-SW-NX2,Delivery & Shipping,Normal,Logistics,A3028,0,5.0,6499.0,GW-OTHER,N,it has been 19 days and i have ntohing in hand - how do i get this fixed?,"1. ord not delivered
2. chk awb w/ crr
3. re-shipped from warehouse. | processed fr and raised rma for new set.",helpdesk,True,1,6499.0,2025-07-10 18:35:00,2025-07-10 18:35:00,2025-07,2025Q3,False,Sameer Kapoor,Logistics,1,VA-SW-NX2,Nexa 2 Smartwatch,watch,2450,6499,suspected_notes,True,2790.0,9289.0,WTY-BUYBACK,0.6001170593892808,True,WTY-BUYBACK
TK-251319,2026-03-21 10:47:00,2026-03-21 11:30:00,2026-03-21 11:56:00,resolved,voice,C107210,VR883631,VA-NB-ARC,Audio Quality,High,Voice Frontline,A3024,0,3.0,1299.0,WTY-BUYBACK,Y,[IVR transcript] i have ben a loyal customer and this is how you treat me. ordered my arc recently. sttaic noise when plaing music. i already changed eq. this is the last tiem i buy from you.,"Customer reached out - crackling/distortion. Checked w/ different source. adv EQ reset, rslvd. Case closed w/ cx consent.
Amount returned to card; fresh unit shipped from BLR warehouse. ~Amit",helpdesk,False,1,1299.0,2026-03-21 11:56:00,2026-03-21 11:56:00,2026-03,2026Q1,False,Amit Deshpande,Voice Frontline,1,VA-NB-ARC,Arc Neckband,earbuds,540,1299,confirmed_flag,True,880.0,2179.0,,,False,WTY-BUYBACK
TK-251284,2026-03-20 08:56:00,2026-03-20 09:05:00,2026-03-21 09:26:00,resolved,voice,C101753,,VA-EB-PL2,Delivery & Shipping,Normal,Logistics,A3031,0,3.0,1662.0,GW-OTHER,Y,"Hi there, Bought my Pulse 2 around 15-03-2026 from Amazon. The parcel looked like it was kicked here from the warehouse, and the unit has a crack. I took photos. Honestly regretting this purchase. How do I get this fixed? Please revert, Bhavna Joshi","Refund approved, Rs 1662, 5-7 working days. Issue: transit damage. Photos received, damage confirmed.",helpdesk,False,1,1662.0,2026-03-21 09:26:00,2026-03-21 09:26:00,2026-03,2026Q1,False,Zaid Desai,Logistics,1,VA-EB-PL2,Pulse 2 True Wireless Earbuds,earbuds,1480,3499,confirmed_flag,True,1820.0,3482.0,DOA-REPL,0.8402158796687705,True,DOA-REPL
TK-251248,2026-03-19 13:27:00,2026-03-19 15:30:00,2026-03-19 15:56:00,resolved,social,C104378,VR888273,VA-SW-NX1,Connectivity,Normal,Chat Frontline,A3005,0,,4999.0,GW-OTHER,Y,"Heello Vireo,
This is regarding Nexa watch. Cannot pair Nexa watch with my laptop.
I forgot the device and tried again.
Need thhis sorted this week.
Thanks","Cx says unable to pair with phone. chk phone OS version. Reset done, paired ok. rfnd + rplc, cx escalation avoided.",helpdesk,False,1,4999.0,2026-03-19 15:56:00,2026-03-19 15:56:00,2026-03,2026Q1,False,Payal Bhatia,Chat Frontline,1,VA-SW-NX1,Nexa Smartwatch,watch,1900,4999,confirmed_flag,True,2240.0,7239.0,WTY-BUYBACK,0.6328209038206107,True,WTY-BUYBACK
TK-251146,2026-03-15 18:13:00,2026-03-15 18:46:00,2026-03-15 19:07:00,resolved,voice,C107415,VR899541,VA-EB-PL2,Audio Quality,Low,Voice Frontline,A3026,0,,3499.0,GW-OTHER,N,"Hi team, Bought pulse 2 buds around 21 Feb from Amazon. People cannot hear me on calls. I want my money back. Rgds","cx: mic not working on calls | tested on call w/ cx -> rplc raised. rfnd + rplc, cx escalation avoided. //AAD",helpdesk,False,1,3499.0,2026-03-15 19:07:00,2026-03-15 19:07:00,2026-03,2026Q1,False,Aadhya Deshpande,Voice Frontline,1,VA-EB-PL2,Pulse 2 True Wireless Earbuds,earbuds,1480,3499,suspected_notes,True,1820.0,5319.0,WTY-BUYBACK,0.6884645337816163,True,WTY-BUYBACK
TK-251139,2026-03-15 14:23:00,2026-03-15 14:24:00,2026-03-15 14:52:00,resolved,chat,C100608,,VA-EB-PL2,App & Firmware,Normal,Chat Frontline,A3009,0,4.0,3149.0,GW-OTHER,N,"dear sir/madam,

i am writing with reference to my order of pule 2 buds placed on 04 mar. battery backup is terrible now. i have turned off always-on display. i request you to process a reund to my original payment method.

regards,
kunal kulkarni","Customer states poor battery backup. adv disabling ANC/AOD to test. Replacement approved, reverse pickup arranged. rfnd done & new unit sent as one-time gesture. //SUK",helpdesk,False,1,3149.0,2026-03-15 14:52:00,2026-03-15 14:52:00,2026-03,2026Q1,False,Sukhwinder Singh,Chat Frontline,1,VA-EB-PL2,Pulse 2 True Wireless Earbuds,earbuds,1480,3499,suspected_notes,True,1820.0,4969.0,WTY-BUYBACK,0.7317863482965807,True,WTY-BUYBACK
TK-251031,2026-03-12 19:42:00,2026-03-12 19:48:00,2026-03-12 20:15:00,resolved,chat,C102393,VR902518,VA-HP-ST3,Charging & Battery,Normal,Chat Frontline,A3014,0,,6649.0,GW-OTHER,Y,"sir ji
battery draining even when not in use
strata 3 VR902518
pls reply",Replacement raised after test. Issue: poor battery backup. Checked usage pattern w/ cx. | Reversed the payment & dispatched a new one under RMA. -AD,helpdesk,False,1,6649.0,2026-03-12 20:15:00,2026-03-12 20:15:00,2026-03,2026Q1,False,Anjali D'Souza,Chat Frontline,1,VA-HP-ST3,Strata 3 Over-Ear Headphones,headphones,2650,6999,confirmed_flag,True,2990.0,9639.0,WTY-BUYBACK,0.8155673203273855,True,WTY-BUYBACK
TK-250977,2026-03-11 10:25:00,2026-03-11 10:27:00,2026-03-11 10:55:00,resolved,chat,C107855,VR882817,VA-EB-PL2,Audio Quality,Normal,Chat Frontline,A3006,0,4.0,3499.0,GW-OTHER,Y,"helo
no sound from the right earbud
hello??","reset resolved. issue: right side silent. checked balance settings with cx.
issued refund + replacement both, tl aware. -VB",helpdesk,False,1,3499.0,2026-03-11 10:55:00,2026-03-11 10:55:00,2026-03,2026Q1,False,Varun Bhatt,Chat Frontline,1,VA-EB-PL2,Pulse 2 True Wireless Earbuds,earbuds,1480,3499,confirmed_flag,True,1820.0,5319.0,DOA-REPL,0.8581203961803636,True,DOA-REPL
TK-250974,2026-03-11 06:44:00,2026-03-11 06:46:00,2026-03-14 07:09:00,resolved,chat,C107176,,VA-EB-PL2,Delivery & Shipping,Normal,Logistics,A3028,0,,3499.0,GW-OTHER,Y,"BHAI
PACKAGE NOT DELIVERED EVEN AFTER 8 DAYS
THE PULSE 2 EARUBDS","cx says order not delivered. raised ticket with crr partner. replacement raised, rma shared with cx. -- both rfnd and rplc given as cx threatened social media.",helpdesk,False,1,3499.0,2026-03-14 07:09:00,2026-03-14 07:09:00,2026-03,2026Q1,False,Sameer Kapoor,Logistics,1,VA-EB-PL2,Pulse 2 True Wireless Earbuds,earbuds,1480,3499,confirmed_flag,True,1820.0,5319.0,REVIEW (low confidence),0.5593450979378302,True,REVIEW (exceeds Rs 500 cap)
TK-243676,2025-07-29 15:09:00,2025-07-29 15:18:00,2025-08-03 15:37:00,resolved,voice,C100848,VR889547,VA-SP-ORB,Delivery & Shipping,High,Logistics,A3030,0,,4799.0,GW-OTHER,N,"[IVR transcript] bought my orbit around 16 jul from vireo.in.  i haven't received my order. i checked the tracking page daily. nothing changed. i want my money back. please revert, harsh shah",Cx reported delivery delayed. Raised ticket w/ crr partner. Refund initiated as lost in transit. Both refund & replacement given as cx threatened social media. //AIS,helpdesk,True,1,4799.0,2025-08-03 21:07:00,2025-08-03 21:07:00,2025-08,2025Q3,False,Aishwarya Trivedi,Logistics,1,VA-SP-ORB,Orbit Smart Speaker,speaker,2300,5999,suspected_notes,True,2640.0,7439.0,REVIEW (low confidence),0.3631165839859919,True,REVIEW (exceeds Rs 500 cap)
TK-250906,2026-03-08 16:02:00,2026-03-08 16:04:00,2026-03-10 16:21:00,closed,chat,C105672,VR892272,VA-SP-ORB,Delivery & Shipping,Normal,Logistics,A3030,0,3.0,5999.0,GW-OTHER,N,"To the Vireo Customer Care Team,

I am writing wiht reference to my order of my Orbit (VR892272) placed on 25/02. It has been 9 days and I have nothing in hand. I have checked the tarcking page daily. I request you to procses a refund to my original payment method.

Sincerely,
Karan Malhotra","Reported: delivery delayed. Confirmed address with cx. RTO confirmed, reshipped.
Refund done and new unit sent as one-time gesture. //AIS",helpdesk,False,1,5999.0,2026-03-10 16:21:00,2026-03-10 16:21:00,2026-03,2026Q1,False,Aishwarya Trivedi,Logistics,1,VA-SP-ORB,Orbit Smart Speaker,speaker,2300,5999,suspected_notes,True,2640.0,8639.0,REVIEW (low confidence),0.4773585912199186,True,REVIEW (exceeds Rs 500 cap)
TK-250886,2026-03-07 13:14:00,2026-03-07 16:30:00,2026-03-15 18:02:00,resolved,email,C100155,VR900202,VA-SW-NX2,Warranty & Repair,Normal,Escalations & Warranty,A3041,0,5.0,12348.0,GW-OTHER,Y,"watch strap broke within a month, i want a replacement","1. Strap pin issue
2. Asked for photo
3. Escalated to wty. | Sent a new unit and released the money as well, cx was in tears on call.",helpdesk,False,1,12348.0,2026-03-15 18:02:00,2026-03-15 18:02:00,2026-03,2026Q1,False,Mohammed Mehta,Escalations & Warranty,2,VA-SW-NX2,Nexa 2 Smartwatch,watch,2450,6499,confirmed_flag,True,2790.0,15138.0,WTY-BUYBACK,0.7084781284069562,True,WTY-BUYBACK
TK-250833,2026-03-06 08:56:00,2026-03-06 11:22:00,2026-03-08 11:41:00,resolved,email,C101634,VR891600,VA-SW-FIT,Delivery & Shipping,Normal,Logistics,A3029,0,,1999.0,WTY-BUYBACK,Y,"not acceptable at this price. ordered the fit band in february. paid on 28/02, still waiting for something to show up. i already checked w/ neighbours. fix this or i am posting on twitter.","refund initiated as lost in transit. issue: delivery delayed. checked awb with courier.
sent a new unit and released the money as well, cx was in tears on call. -RM",helpdesk,False,1,1999.0,2026-03-08 11:41:00,2026-03-08 11:41:00,2026-03,2026Q1,False,Rajat Mukherjee,Logistics,1,VA-SW-FIT,Nexa Fit Band,watch,850,1999,confirmed_flag,True,1190.0,3189.0,,,False,WTY-BUYBACK
TK-250827,2026-03-05 21:41:00,2026-03-05 22:09:00,2026-03-05 22:37:00,resolved,social,C104620,,VA-EB-PL1,Charging & Battery,Normal,Chat Frontline,A3016,0,5.0,1999.0,DOA-REPL,Y,"batteery drains very fast, barely lasts 2 hours. please resolve asap","Contact re battery draining fast. Advised disabling ANC/AOD to test. Advised settings change, cx satisfied. (SOP 4.2) | Amount returned to card; fresh unit shipped from BLR warehouse. -TK",helpdesk,False,1,1999.0,2026-03-05 22:37:00,2026-03-05 22:37:00,2026-03,2026Q1,False,Thomas Kumar,Email Frontline,1,VA-EB-PL1,Pulse True Wireless Earbuds,earbuds,1120,2499,confirmed_flag,True,1460.0,3459.0,,,False,DOA-REPL
TK-243792,2025-08-03 12:51:00,2025-08-03 12:56:00,2025-08-06 14:32:00,resolved,chat,C103050,VR906615,VA-SW-NX2,Warranty & Repair,Normal,Escalations & Warranty,A3039,0,4.0,5199.0,GW-OTHER,Y,"Deaar Sir/Madam,

I am writing with reference to my order of Nexa 2 (VR906615) placed on June 29. Touch screen not responding. I have updated firmware. I request you to look into tis matter at teh earliest.

Sincerely,
Deepak Snadhu","escalated to warranty. issue: touch not responding. walked through hard reset. (sop 4.2)
refund + rplc, cx escalation avoided. ~Reyansh",helpdesk,True,1,5199.0,2025-08-06 20:02:00,2025-08-06 20:02:00,2025-08,2025Q3,False,Reyansh Mishra,Escalations & Warranty,2,VA-SW-NX2,Nexa 2 Smartwatch,watch,2450,6499,confirmed_flag,True,2790.0,7989.0,WTY-BUYBACK,0.6274440077709765,True,WTY-BUYBACK
TK-250704,2026-03-01 21:26:00,2026-03-01 21:29:00,2026-03-01 21:53:00,resolved,chat,C106779,,VA-SP-MINI,Delivery & Shipping,Normal,Logistics,A3030,0,,1999.0,WTY-BUYBACK,Y,"hi
order status stuck on sipped since 28 feb
kindly do the needful","Cx says order not delivered. Raised ticket w/ crr partner. crr confirmed delivery for 03 Mar, cx informed. | rfnd + rplc, cx escalation avoided. //AIS",helpdesk,False,1,1999.0,2026-03-01 21:53:00,2026-03-01 21:53:00,2026-03,2026Q1,False,Aishwarya Trivedi,Logistics,1,VA-SP-MINI,Orbit Mini Speaker,speaker,980,2499,confirmed_flag,True,1320.0,3319.0,,,False,WTY-BUYBACK
TK-250701,2026-03-01 20:06:00,2026-03-01 20:36:00,,pending,voice,C102295,VR899037,VA-EB-PL1,Charging & Battery,Normal,Voice Frontline,A3010,1,3.0,2249.0,GW-OTHER,Y,"hi team, pulse earbuds purchased recently, order vr899037.  only the right one lights up when i put them in the case. i did the reset from the manual. nothing changed. waiting for your reply. regards,","l bud no charge in case | asked cx to clean charing pins -> reset resolved, cx conf left bud charging | xfer chat frontline. -- refund + rplc, cx escalation avoided. ~Tenzin",helpdesk,False,1,2249.0,,2026-03-01 20:06:00,2026-03,2026Q1,True,Tenzin Mathew,Chat Frontline,1,VA-EB-PL1,Pulse True Wireless Earbuds,earbuds,1120,2499,confirmed_flag,True,1460.0,3709.0,REVIEW (low confidence),0.5760240876340332,True,REVIEW (exceeds Rs 500 cap)
TK-250694,2026-03-01 14:47:00,2026-03-02 01:06:00,2026-03-02 01:44:00,resolved,email,C104336,,VA-EB-AIR,Charging & Battery,Normal,Email Frontline,A3003,0,3.0,1799.0,DOA-REPL,Y,"Dear Sir/Madam,

I am writing with reference to my order of AirLite placed on 23/12. Left bud won't charge even after keeping it in the caes overnight. I hvae did the reset from the manual. I request you to look into this matter at the earliest.

Sincerely,
Komal Tiwari
Pune","Cx reported L bud no carge in case. Confirmed FW 3.1.2. Reset rslvd, cx confirmeed left bud charging. Cx satisfied on chat. (SOP 4.2) | Issued rfnd + replacement both, TL aware. -KS",helpdesk,False,1,1799.0,2026-03-02 01:44:00,2026-03-02 01:44:00,2026-03,2026Q1,False,Komal Singh,Chat Frontline,1,VA-EB-AIR,AirLite Earbuds,earbuds,760,1799,confirmed_flag,True,1100.0,2899.0,,,False,DOA-REPL
TK-250666,2026-02-28 18:58:00,2026-02-28 18:59:00,2026-03-03 21:34:00,resolved,chat,C109120,,VA-SP-MINI,Warranty & Repair,High,Escalations & Warranty,A3041,0,,2499.0,GW-OTHER,N,"product: the mini speaker
purchased: 15/09
issue: it is a v expnsive brick now, no lights, no sound
tried: held power button 30 sec
expected: replacement","1. Speaker not powering on
2. Asked cx to try different adaptor
3. Refund of Rs 2499 initiated to source. Both rfnd and rplc given as cx threatened social media.",helpdesk,False,1,2499.0,2026-03-03 21:34:00,2026-03-03 21:34:00,2026-03,2026Q1,False,Mohammed Mehta,Escalations & Warranty,2,VA-SP-MINI,Orbit Mini Speaker,speaker,980,2499,suspected_notes,True,1320.0,3819.0,REVIEW (low confidence),0.5232673976474446,True,REVIEW (exceeds Rs 500 cap)
TK-250633,2026-02-27 14:27:00,2026-02-27 14:44:00,2026-02-27 15:14:00,resolved,voice,C108561,,VA-SW-FIT,Connectivity,Normal,Voice Frontline,A3026,0,4.0,1699.0,GW-OTHER,Y,"hi
pairing is not working
hello??","issue: device not discoverable | walked through forget + re-pair -> adv fw update via app, rslvd.
Money back to source & a fresh pair shipped. //AAD",helpdesk,False,1,1699.0,2026-02-27 15:14:00,2026-02-27 15:14:00,2026-02,2026Q1,False,Aadhya Deshpande,Voice Frontline,1,VA-SW-FIT,Nexa Fit Band,watch,850,1999,confirmed_flag,True,1190.0,2889.0,WTY-BUYBACK,0.6484358670812966,True,WTY-BUYBACK
TK-250624,2026-02-27 10:16:00,2026-02-27 10:18:00,2026-03-02 12:23:00,resolved,chat,C107407,VR909946,VA-EB-AIR,Warranty & Repair,Normal,Escalations & Warranty,A3039,0,,1619.0,GW-OTHER,N,I am losing patience.  This is regarding airlite earbuds. I sent the unit in 8 days ago and have heard nothing. I already emailed twice. This is the last tmie I buy from you.,"cx: rma status query | checked rma status -> replacement raised, rma shared with cx (sop 4.2) | issued refund + replacement both, tl aware. ~Reyansh",helpdesk,False,1,1619.0,2026-03-02 12:23:00,2026-03-02 12:23:00,2026-03,2026Q1,False,Reyansh Mishra,Escalations & Warranty,2,VA-EB-AIR,AirLite Earbuds,earbuds,760,1799,suspected_notes,True,1100.0,2719.0,DOA-REPL,0.8475851970414338,True,DOA-REPL
TK-250584,2026-02-26 11:43:00,2026-02-26 13:14:00,2026-02-26 13:32:00,resolved,email,C104183,VR881994,VA-SW-NX2,Connectivity,Low,Email Frontline,A3021,0,4.0,6499.0,DOA-REPL,N,"Hi, Order VR881994 (the Nexa 2). Not pairing with my phone. Please help. Regards,","issue: device not discoverable | walked through forget + re-pair -> re-pair successful, rslvd on chat.
rfnd processed to source; rplc unit also shipped. ~Meera",helpdesk,False,1,6499.0,2026-02-26 13:32:00,2026-02-26 13:32:00,2026-02,2026Q1,False,Meera Mathew,Email Frontline,1,VA-SW-NX2,Nexa 2 Smartwatch,watch,2450,6499,suspected_notes,True,2790.0,9289.0,,,False,DOA-REPL
TK-250576,2026-02-26 10:12:00,2026-02-26 12:10:00,2026-03-03 12:23:00,resolved,email,C100994,VR887988,VA-AC-CBL,Other,Low,Email Frontline,A3022,0,3.0,319.0,DOA-REPL,Y,"to the vireo customer care team,

i am writing w/ reference to my order of usb-c cable (vr887988) placed on 13-02-2026. it has been 19 days and i have nothing in hand. i have checked the tracking page daily. i request u to process a refund to my original payment method.

regards,
nikhil agarwal","Customer states shipment not received. Checked AWB w/ courier. RTO confirmed, reshipped.
Refund done & new unit sent as one-time gesture.",helpdesk,False,1,319.0,2026-03-03 12:23:00,2026-03-03 12:23:00,2026-03,2026Q1,False,Daniel Arora,Email Frontline,1,VA-AC-CBL,USB-C Braided Cable,accessory,90,399,confirmed_flag,True,430.0,749.0,,,False,DOA-REPL
TK-250554,2026-02-25 17:10:00,2026-02-25 17:57:00,2026-02-25 18:33:00,resolved,voice,C100304,VR899233,VA-EB-PL2,Charging & Battery,Normal,Voice Frontline,A3026,0,,3499.0,GW-OTHER,N,"[IVR transcript] plugging in does nothing on the case, cable works on my phone - VR899233","cx: charging case dead | conf case led dead -> rplc case raised.
Refund processed to source; rplc unit also shipped. //AAD",helpdesk,False,1,3499.0,2026-02-25 18:33:00,2026-02-25 18:33:00,2026-02,2026Q1,False,Aadhya Deshpande,Voice Frontline,1,VA-EB-PL2,Pulse 2 True Wireless Earbuds,earbuds,1480,3499,suspected_notes,True,1820.0,5319.0,WTY-BUYBACK,0.6362460780884888,True,WTY-BUYBACK
TK-244040,2025-08-13 07:49:00,2025-08-13 08:01:00,2025-08-16 08:31:00,resolved,chat,C106492,,VA-SW-NX2,Returns & Refunds,Normal,Returns Desk,A3037,0,,6174.0,GW-OTHER,Y,"hii
the parcel looekd like it was kicked here from the warehouse, and the unit has a crack
kindly do the needful","rplc raised, rma shared with cx. issue: damaged in transit. photos received, damage confirmed.
money back to source & a fresh pair shipped. ~Manish",helpdesk,True,1,6174.0,2025-08-16 14:01:00,2025-08-16 14:01:00,2025-08,2025Q3,False,Manish Iyer,Returns Desk,1,VA-SW-NX2,Nexa 2 Smartwatch,watch,2450,6499,confirmed_flag,True,2790.0,8964.0,DOA-REPL,0.9269789601086068,True,DOA-REPL
TK-250499,2026-02-23 20:42:00,2026-02-23 20:49:00,2026-02-23 21:13:00,resolved,chat,C105451,,VA-EB-AIR,Connectivity,Normal,Chat Frontline,A3005,0,,1439.0,GW-OTHER,Y,"dear sir/madam,

i am writing wtih reference to my order of the airlite buds placed on 10 feb. cannoot pair the airlite buds with my laptop. i have tried on another phone. i request you to process a refund to my original payment method.

yours faithfully,
ananya sethi","Contact re pairing failure. Asked cx to reset the device. Reset done, paired ok. | Money back to source and a fresh pair shipped.",helpdesk,False,1,1439.0,2026-02-23 21:13:00,2026-02-23 21:13:00,2026-02,2026Q1,False,Payal Bhatia,Chat Frontline,1,VA-EB-AIR,AirLite Earbuds,earbuds,760,1799,confirmed_flag,True,1100.0,2539.0,DOA-REPL,0.6902008902118301,True,DOA-REPL
TK-250428,2026-02-21 17:02:00,2026-02-21 17:03:00,2026-02-24 17:32:00,closed,chat,C105922,VR887572,VA-AC-CH65,Delivery & Shipping,Normal,Logistics,A3030,0,,1274.0,GW-OTHER,N,"paid on 18/02, still waiting for something to show up - VR887572 - waiting for your reply","Customer reached out - shipment not received. Checked AWB with courier. RTO confirmed, reshipped. rfnd processed to source; replacement unit also shipped. //AIS",helpdesk,False,1,1274.0,2026-02-24 17:32:00,2026-02-24 17:32:00,2026-02,2026Q1,False,Aishwarya Trivedi,Logistics,1,VA-AC-CH65,65W GaN Charger,accessory,610,1499,suspected_notes,True,950.0,2224.0,REVIEW (low confidence),0.43338702276776175,True,REVIEW (exceeds Rs 500 cap)
TK-244176,2025-08-19 11:21:00,2025-08-19 11:28:00,2025-08-24 11:49:00,resolved,voice,C108183,,VA-SP-ORB,Returns & Refunds,Low,Returns Desk,A3037,0,2.0,1080.0,RETURN-QC-OK,Y,"hii
got a different colour than ordered
my orbit
urgent",full rfnd processed (1080). issue: incorrect product shipped. verified order vs delivered item photos.,helpdesk,True,1,1080.0,2025-08-24 17:19:00,2025-08-24 17:19:00,2025-08,2025Q3,False,Manish Iyer,Returns Desk,1,VA-SP-ORB,Orbit Smart Speaker,speaker,2300,5999,confirmed_flag,True,2640.0,3720.0,,,False,RETURN-QC-OK
TK-250370,2026-02-19 22:49:00,2026-02-20 01:17:00,2026-02-20 01:37:00,resolved,social,C105384,VR901768,VA-EB-PL2,Connectivity,High,Chat Frontline,A3016,0,4.0,3149.0,GW-OTHER,Y,"hi
cannot pair my pulse 2 w/ my laptop
my pulse 2 VR901768","Cx says unable to pair with phone. Checked phone OS version. Re-pair successful, resolved on chat. (SOP 4.2)
Refund processed to source; replacement unit also shipped. -TK",helpdesk,False,1,3149.0,2026-02-20 01:37:00,2026-02-20 01:37:00,2026-02,2026Q1,False,Thomas Kumar,Email Frontline,1,VA-EB-PL2,Pulse 2 True Wireless Earbuds,earbuds,1480,3499,confirmed_flag,True,1820.0,4969.0,REVIEW (low confidence),0.47279352193068647,True,REVIEW (exceeds Rs 500 cap)
TK-250359,2026-02-19 18:38:00,2026-02-19 18:51:00,2026-02-21 19:42:00,resolved,voice,C101342,VR881833,VA-EB-PL1,Other,Low,Voice Frontline,A3026,0,4.0,1999.0,GW-OTHER,Y,[IVR transcript] honestly regrettting this purchase. bougth the pulse buds arround 30 dec from flipkart. i sent the unnit in 13 days ago and have heard nothing. i already emailed twice. refund. now.,"issue: wty claim status | followed up w/ service centre -> repair completed, shipped back. Processed FR & raised RMA for new set. //AAD",helpdesk,False,1,1999.0,2026-02-21 19:42:00,2026-02-21 19:42:00,2026-02,2026Q1,False,Aadhya Deshpande,Voice Frontline,1,VA-EB-PL1,Pulse True Wireless Earbuds,earbuds,1120,2499,confirmed_flag,True,1460.0,3459.0,DOA-REPL,0.6506992764869711,True,DOA-REPL
TK-244273,2025-08-23 10:13:00,2025-08-23 11:20:00,2025-08-23 11:33:00,resolved,email,C104356,VR895937,VA-EB-PL2,Delivery & Shipping,Normal,Logistics,A3029,0,3.0,2799.0,GW-OTHER,N,"Dear team, I bought Pulse2 on 17-08-2025. Ordder not delivered, tracking not updating. I checked with neighbours. Nothing changed. Please help. Rgds Aishwarya Patil","courier confirmed delivery for 27 aug, cx informed. issue: shipment not received. checked awb with courier. -- issued refund + replacement both, tl aware. -RM",helpdesk,True,1,2799.0,2025-08-23 17:03:00,2025-08-23 17:03:00,2025-08,2025Q3,False,Rajat Mukherjee,Logistics,1,VA-EB-PL2,Pulse 2 True Wireless Earbuds,earbuds,1480,3499,suspected_notes,True,1820.0,4619.0,REVIEW (low confidence),0.5848403559237609,True,REVIEW (exceeds Rs 500 cap)
TK-250234,2026-02-16 16:09:00,2026-02-17 05:40:00,2026-02-17 06:07:00,resolved,email,C101865,,VA-SW-NX2,Returns & Refunds,Normal,Returns Desk,A3038,0,3.0,5524.0,DOA-REPL,Y,"Hello, I bought Nexa 2 on 27-01-2026. You picked up the item 17 days ago and my money hasn't come back. I checked bank. Nothing changed. Need this sorted this week. Rgds, Shreya","1. Refund not credited
2. chk reverse pickup QC status
3. Refund approved, Rs 5524, 5-7 working days.
Both refund and replacement given as cx threatened social media.",helpdesk,False,1,5524.0,2026-02-17 06:07:00,2026-02-17 06:07:00,2026-02,2026Q1,False,Ankit Dhillon,Returns Desk,1,VA-SW-NX2,Nexa 2 Smartwatch,watch,2450,6499,confirmed_flag,True,2790.0,8314.0,,,False,DOA-REPL
TK-250207,2026-02-16 01:25:00,2026-02-16 01:37:00,2026-02-24 08:09:00,resolved,chat,C109308,VR887285,VA-SP-ORB,Warranty & Repair,Normal,Escalations & Warranty,A3039,0,4.0,5099.0,DOA-REPL,N,"dear sir/madam,

i am writing w/ reference to my order of the orbit smart speaker (vr887285) placed on november 22. service centre took it, now silence. i have called service centre. i request u to provide a resolution within 3 working days.

sincerely,
ritika d'souza","refund approved, rs 5099, 5-7 working days. issue: warranty claim status. followed up with service centre. -- money back to source and a fresh pair shipped. ~Reyansh",helpdesk,False,1,5099.0,2026-02-24 08:09:00,2026-02-24 08:09:00,2026-02,2026Q1,False,Reyansh Mishra,Escalations & Warranty,2,VA-SP-ORB,Orbit Smart Speaker,speaker,2300,5999,suspected_notes,True,2640.0,7739.0,,,False,DOA-REPL
TK-250044,2026-02-10 18:16:00,2026-02-10 18:26:00,2026-02-10 18:45:00,resolved,chat,C100535,,VA-EB-AIR,Charging & Battery,High,Chat Frontline,A3036,2,,1619.0,GW-OTHER,N,the charging case is not charging,"Customer reached out - case not charging. Checked for lint in port. xfer to Returns Desk. adv prt cleaning, rslvd. Case closed with cx consent. (SOP 5.4)
Issued refund + replacement both, TL aware.",helpdesk,False,1,1619.0,2026-02-10 18:45:00,2026-02-10 18:45:00,2026-02,2026Q1,False,Ritika D'Souza,Returns Desk,1,VA-EB-AIR,AirLite Earbuds,earbuds,760,1799,suspected_notes,True,1100.0,2719.0,REVIEW (low confidence),0.5026805148177668,True,REVIEW (exceeds Rs 500 cap)
TK-250022,2026-02-09 20:34:00,2026-02-09 20:39:00,2026-02-09 21:22:00,resolved,chat,C104086,,VA-EB-PL2,Charging & Battery,Normal,Chat Frontline,A3005,0,,3324.0,GW-OTHER,Y,"To the Vireo Customer Care Team,

I am writing w/ reference to my order of Pulse2 placed on October 21. The case has been at the same battery level for a week. I have tried wireless charging pad. I request you to provide a resolution within 3 working days.

Sincerely,
Arjun Shah","Cx reported caase not charging. Checked for lint in port. adv porrt cleaning, rslvd. -- Full refund issued & replacement dispatched as goodwill.",helpdesk,False,1,3324.0,2026-02-09 21:22:00,2026-02-09 21:22:00,2026-02,2026Q1,False,Payal Bhatia,Chat Frontline,1,VA-EB-PL2,Pulse 2 True Wireless Earbuds,earbuds,1480,3499,confirmed_flag,True,1820.0,5144.0,REVIEW (low confidence),0.40837998838853096,True,REVIEW (exceeds Rs 500 cap)
TK-244570,2025-09-05 07:29:00,2025-09-05 07:36:00,2025-09-07 08:59:00,resolved,chat,C102976,VR894402,VA-EB-PL2,Warranty & Repair,Normal,Escalations & Warranty,A3039,0,4.0,3499.0,GW-OTHER,N,"case wont charge since a month ago, VR894402","1. charging case dead
2. asked cx to try different cable + adaptor
3. advised port cleaning, resolved.
refund processed to source; replacement unit also shipped. ~Reyansh",helpdesk,True,1,3499.0,2025-09-07 14:29:00,2025-09-07 14:29:00,2025-09,2025Q3,False,Reyansh Mishra,Escalations & Warranty,2,VA-EB-PL2,Pulse 2 True Wireless Earbuds,earbuds,1480,3499,suspected_notes,True,1820.0,5319.0,DOA-REPL,0.6586078153795516,True,DOA-REPL
TK-249977,2026-02-08 19:09:00,2026-02-08 22:42:00,2026-02-09 23:14:00,resolved,email,C107084,,VA-EB-PL2,Delivery & Shipping,Low,Logistics,A3028,0,,3324.0,WTY-BUYBACK,Y,ordered pulse 2 buds 2 weeks ago. opened the parcel and it is a completely different thing. i rechecked my order. nothing changed. can someone fix this?,"cust contacted re incorrect product shipped. raised w/ warehouse. replacement approved, reverse pkp arranged. processed fr & raised rma for new set.",helpdesk,False,1,3324.0,2026-02-09 23:14:00,2026-02-09 23:14:00,2026-02,2026Q1,False,Sameer Kapoor,Logistics,1,VA-EB-PL2,Pulse 2 True Wireless Earbuds,earbuds,1480,3499,confirmed_flag,True,1820.0,5144.0,,,False,WTY-BUYBACK
TK-249896,2026-02-06 15:59:00,2026-02-06 16:02:00,2026-02-06 16:29:00,resolved,chat,C105449,VR892907,VA-SP-MINI,Returns & Refunds,Normal,Returns Desk,A3036,0,,2499.0,GW-OTHER,N,"namaste,
i bought the mni speaker on 26 mar. the return was accepted but the amount is nowhere in my account.
what do i do now?
rgds","1. rfnd delay
2. Checked reverse pkp QC status
3. rfdn of Rs 2499 initiated to source. -- Money back to source and a fresh pair shipped.",helpdesk,False,1,2499.0,2026-02-06 16:29:00,2026-02-06 16:29:00,2026-02,2026Q1,False,Ritika D'Souza,Returns Desk,1,VA-SP-MINI,Orbit Mini Speaker,speaker,980,2499,suspected_notes,True,1320.0,3819.0,RETURN-QC-OK,0.8228690007393974,True,RETURN-QC-OK
TK-244677,2025-09-08 12:23:00,2025-09-08 12:29:00,2025-09-08 13:02:00,resolved,chat,C109474,,VA-HP-ST3,Connectivity,Normal,Chat Frontline,A3013,0,4.0,6999.0,GW-OTHER,Y,"Pathetic experience honestly. Got my Strata 3 headphones from vireo.in last month. not pairing with my phone. I already tried on another phone. I want a replacement or refund, nothing else","cx: pairing failure | asked cx to reset the device -> reset done, paired ok. | credited full amount, new unit also going out tomorrow. ~Rohit",helpdesk,True,1,6999.0,2025-09-08 18:32:00,2025-09-08 18:32:00,2025-09,2025Q3,False,Rohit Nair,Chat Frontline,1,VA-HP-ST3,Strata 3 Over-Ear Headphones,headphones,2650,6999,confirmed_flag,True,2990.0,9989.0,DOA-REPL,0.9649090275257858,True,DOA-REPL
TK-249812,2026-02-04 11:21:00,2026-02-04 11:26:00,2026-02-04 11:39:00,resolved,chat,C104235,,VA-EB-PL2,Connectivity,Normal,Chat Frontline,A3007,0,4.0,3499.0,DOA-REPL,Y,"Hi Vireo support,
This is regarding my Pulse 2. It connects for a scond & then vanishes from the device list.
I tried on another phone. Nothing changed.
Please help.
Rgds Tarun",sorted. | rfnd done & new unit sent as one-time gesture.,helpdesk,False,1,3499.0,2026-02-04 11:39:00,2026-02-04 11:39:00,2026-02,2026Q1,False,Abhishek Gupta,Chat Frontline,1,VA-EB-PL2,Pulse 2 True Wireless Earbuds,earbuds,1480,3499,confirmed_flag,True,1820.0,5319.0,,,False,DOA-REPL
TK-249810,2026-02-04 07:02:00,2026-02-04 07:57:00,2026-02-04 08:31:00,resolved,social,C102226,VR901731,VA-EB-PL2,Other,Normal,Chat Frontline,A3010,0,4.0,3324.0,DOA-REPL,Y,"hello
goes from full to empty during one commute
pulse 2 buds VR901731","Ticket raised for batteyr draining fast. Checked FW 1.4.12. Replacement approved, reverse pickup arranged. Cx informed. | Cx got the amount back, also sending a new set to keep him happy. ~Tenzin",helpdesk,False,1,3324.0,2026-02-04 08:31:00,2026-02-04 08:31:00,2026-02,2026Q1,False,Tenzin Mathew,Chat Frontline,1,VA-EB-PL2,Pulse 2 True Wireless Earbuds,earbuds,1480,3499,confirmed_flag,True,1820.0,5144.0,,,False,DOA-REPL
TK-249774,2026-02-03 09:05:00,2026-02-03 14:02:00,2026-02-03 14:24:00,resolved,email,C101195,VR897826,VA-EB-PL2,Charging & Battery,Normal,Email Frontline,A3018,0,3.0,3149.0,GW-OTHER,Y,"hi there, got teh pulse 2 earbuds from amazon last week. app shows the left at 0 percennt no matter how long its in the case. i tried a different cable. i want a replacement. pleaes revert, zoya","re: l bud no charge in case | asked for photo of the bud contacts -> advised pin cleaning, cx confirmed ok. | Credited full amount, new unit also going out tomorrow. ~Krishna",helpdesk,False,1,3149.0,2026-02-03 14:24:00,2026-02-03 14:24:00,2026-02,2026Q1,False,Krishna Bhatt,Email Frontline,1,VA-EB-PL2,Pulse 2 True Wireless Earbuds,earbuds,1480,3499,confirmed_flag,True,1820.0,4969.0,DOA-REPL,0.8298032155849105,True,DOA-REPL
TK-249761,2026-02-02 19:32:00,2026-02-02 23:00:00,2026-02-04 23:32:00,resolved,email,C101097,VR882333,VA-AC-CASE,Billing & Payments,High,Billing,A3032,0,3.0,1299.0,GW-OTHER,Y,"Product: the charging case I ordered
Order: VR882333
Purchased: 29 Jan
Issue: refund was promised 7 days ago and nothing
Tried: emailed twice
Expected: fix","1. refund not credited
2. chk refund status on pg
3. arn shared with cx.
issued refund + rplc both, tl aware. ~Sneha",helpdesk,False,1,1299.0,2026-02-04 23:32:00,2026-02-04 23:32:00,2026-02,2026Q1,False,Sneha Bansal,Billing,1,VA-AC-CASE,Pulse Charging Case (spare),accessory,620,1299,confirmed_flag,True,960.0,2259.0,REVIEW (low confidence),0.546192932910311,True,REVIEW (exceeds Rs 500 cap)
TK-249755,2026-02-02 17:33:00,2026-02-02 19:17:00,,pending,email,C102933,,VA-SP-MINI,Connectivity,Normal,Email Frontline,A3018,0,4.0,2124.0,GW-OTHER,N,"wiffi setup fails at the last step, i want my money bcak","re: unable to connect to wifi | checked router band -> 2.4ghz worked, resolved. | Issued refund + replacement both, TL aware. ~Krishna",helpdesk,False,1,2124.0,,2026-02-02 17:33:00,2026-02,2026Q1,True,Krishna Bhatt,Email Frontline,1,VA-SP-MINI,Orbit Mini Speaker,speaker,980,2499,suspected_notes,True,1320.0,3444.0,REVIEW (low confidence),0.4908292759183087,True,REVIEW (exceeds Rs 500 cap)
TK-249730,2026-02-01 20:22:00,2026-02-01 23:13:00,2026-02-01 23:41:00,resolved,social,C101467,VR891984,VA-EB-PL2,Connectivity,Normal,Chat Frontline,A3002,0,3.0,3499.0,GW-OTHER,N,Got Pulse 2 fom vireo.in a month ago. The pairing light blinks but nothing ever shows up on my Vivo. I forgot the device & tried again. Nothing changed. Please help.,"reset done, paired ok. issue: device not discoverable. asked cx to reset the device. issued refund + replacement both, tl aware. [closed]",helpdesk,False,1,3499.0,2026-02-01 23:41:00,2026-02-01 23:41:00,2026-02,2026Q1,False,Steven Ansari,Chat Frontline,1,VA-EB-PL2,Pulse 2 True Wireless Earbuds,earbuds,1480,3499,suspected_notes,True,1820.0,5319.0,REVIEW (low confidence),0.5693287623764034,True,REVIEW (exceeds Rs 500 cap)
TK-244872,2025-09-14 18:39:00,2025-09-14 18:41:00,2025-09-19 19:06:00,resolved,chat,C108761,VR894578,VA-EB-PL1,Delivery & Shipping,Normal,Logistics,A3030,0,,2124.0,GW-OTHER,Y,"To the Vireo Customer Care Team,

I am writing with reference to my order of my Pulse (VR894578) placed on 06 Sep. Wrong product delivered. I have checked the invoice. I request you to process a refund to my original payment method.

Regards,
Krishna Khanna",incorrect product shipped | verified order vs delivered item photos -> new unit shipped under doa. -- Processed FR and raised RMA for new set. //AIS,helpdesk,False,1,2124.0,2025-09-19 19:06:00,2025-09-19 19:06:00,2025-09,2025Q3,False,Aishwarya Trivedi,Logistics,1,VA-EB-PL1,Pulse True Wireless Earbuds,earbuds,1120,2499,confirmed_flag,True,1460.0,3584.0,WTY-BUYBACK,0.7102148254750945,True,WTY-BUYBACK
TK-244867,2025-09-14 14:33:00,2025-09-14 14:35:00,2025-09-14 15:04:00,resolved,chat,C106509,,VA-EB-PL2,Audio Quality,High,Chat Frontline,A3015,0,,3499.0,WTY-BUYBACK,N,"product: the pulse 2 earbuds
order: vr904971
purchased: 21/07
issue: one of them is jst decoration at tis point
tried: tried different phone
expected: cllback","rplc unit dispatched. Issue: left side silent. Walked through reset. | Sent a new unit and released the money as well, cx was in tears on call. [closed]",helpdesk,False,1,3499.0,2025-09-14 15:04:00,2025-09-14 15:04:00,2025-09,2025Q3,False,Sameer Jadhav,Chat Frontline,1,VA-EB-PL2,Pulse 2 True Wireless Earbuds,earbuds,1480,3499,suspected_notes,True,1820.0,5319.0,,,False,WTY-BUYBACK
TK-244910,2025-09-15 21:07:00,2025-09-15 22:19:00,2025-09-15 22:33:00,resolved,voice,C101252,,VA-EB-AIR,Connectivity,High,Voice Frontline,A3003,0,,1799.0,GW-OTHER,Y,[IVR transcript] pairing is not working,"1. Device not discoverable
2. Asked cx to reset teh device
3. Re-pair successful, resolved on chat (SOP 2.7)
Both refund and replacement given as cx threatened social media. -KS",helpdesk,False,1,1799.0,2025-09-15 22:33:00,2025-09-15 22:33:00,2025-09,2025Q3,False,Komal Singh,Chat Frontline,1,VA-EB-AIR,AirLite Earbuds,earbuds,760,1799,confirmed_flag,True,1100.0,2899.0,REVIEW (low confidence),0.5768203755142665,True,REVIEW (exceeds Rs 500 cap)
TK-244966,2025-09-18 09:46:00,2025-09-18 17:24:00,2025-09-18 17:37:00,resolved,email,C106077,VR900494,VA-EB-PL2,Delivery & Shipping,Normal,Logistics,A3030,0,3.0,3324.0,GW-OTHER,Y,"Hi Vireo support, This is regarding Pulse 2. Package not delivered even after 16 days. I checked the tracking page daily. Really frustrating. Can someone fix this? Thanks & regards",Cx says order not delivered. Checked AWB w/ courier. Re-shipped from warehouse. Money back to source and a fresh pair shipped. //AIS,helpdesk,False,1,3324.0,2025-09-18 17:37:00,2025-09-18 17:37:00,2025-09,2025Q3,False,Aishwarya Trivedi,Logistics,1,VA-EB-PL2,Pulse 2 True Wireless Earbuds,earbuds,1480,3499,confirmed_flag,True,1820.0,5144.0,REVIEW (low confidence),0.49439264177016035,True,REVIEW (exceeds Rs 500 cap)
TK-245058,2025-09-21 20:11:00,2025-09-21 20:52:00,2025-09-21 21:26:00,closed,email,C108257,VR881405,VA-EB-AIR,Other,Normal,Email Frontline,A3018,0,,1439.0,DOA-REPL,N,Honestly regretting this purchase. This is regarding airlite earbuds. battery backup is terrible now. I already fully charged and discharged twice. Fix this or I am posting on twitter.,"re: rapid battery drain | checked usage pttern with cx -> advised settings change, cx satisfied. -- Money back to source and a fresh pair shipped. ~Krishna",helpdesk,False,1,1439.0,2025-09-21 21:26:00,2025-09-21 21:26:00,2025-09,2025Q3,False,Krishna Bhatt,Email Frontline,1,VA-EB-AIR,AirLite Earbuds,earbuds,760,1799,suspected_notes,True,1100.0,2539.0,,,False,DOA-REPL
TK-245112,2025-09-23 14:27:00,2025-09-23 14:43:00,2025-09-26 15:07:00,resolved,voice,C104487,,VA-HP-ST3,Other,Normal,Voice Frontline,A3026,0,3.0,6299.0,GW-OTHER,N,"hello ji
my order has not been delivered yet
kal se
the strata 3
??","issue: dlvry delayed | raised ticket w/ crr partner -> rto conf, reshipped. Issued refund + rplc both, TL aware. //AAD",helpdesk,False,1,6299.0,2025-09-26 15:07:00,2025-09-26 15:07:00,2025-09,2025Q3,False,Aadhya Deshpande,Voice Frontline,1,VA-HP-ST3,Strata 3 Over-Ear Headphones,headphones,2650,6999,suspected_notes,True,2990.0,9289.0,REVIEW (low confidence),0.5878330226634041,True,REVIEW (exceeds Rs 500 cap)
TK-245141,2025-09-24 20:52:00,2025-09-25 00:46:00,2025-09-25 01:03:00,resolved,email,C105833,VR907463,VA-HP-ST3,Delivery & Shipping,Normal,Logistics,A3028,0,,6999.0,GW-OTHER,N,"Hello, I bought Strata 3 on September 17. Box was cruhsed and the Strata 3 is cracked. I refused nothing as I didn't notice till later. What do I do now? Please revert Mohammed Mittal","cust contacted re unit rcvd damaged. photos rcvd, damage conf. rplc raised, rma shared w/ cx. full rfnd issued & rplc dispatched as goodwill.",helpdesk,False,1,6999.0,2025-09-25 01:03:00,2025-09-25 01:03:00,2025-09,2025Q3,False,Sameer Kapoor,Logistics,1,VA-HP-ST3,Strata 3 Over-Ear Headphones,headphones,2650,6999,suspected_notes,True,2990.0,9989.0,DOA-REPL,0.9472342415262288,True,DOA-REPL
TK-245197,2025-09-26 13:03:00,2025-09-26 15:57:00,2025-09-29 17:10:00,resolved,voice,C102772,VR906567,VA-SW-NX1,Warranty & Repair,Normal,Escalations & Warranty,A3043,0,2.0,4999.0,WTY-BUYBACK,N,"[IVR transcript] watch not responding to touch, VR906567, waiting for your reply","rsolved on call.
Money back to source and a fresh pair shipped. //NIK",helpdesk,False,1,4999.0,2025-09-29 17:10:00,2025-09-29 17:10:00,2025-09,2025Q3,False,Nikhil Gupta,Escalations & Warranty,2,VA-SW-NX1,Nexa Smartwatch,watch,1900,4999,suspected_notes,True,2240.0,7239.0,,,False,WTY-BUYBACK
TK-245256,2025-09-27 19:50:00,2025-09-27 19:55:00,2025-10-02 20:28:00,resolved,chat,C106492,,VA-SW-NX2,Other,Normal,Chat Frontline,A3015,0,,6174.0,GW-OTHER,Y,"hey
what is the status of my warranty claim
kiindly do the needful","Repair completed, shipped back. Issue: wty claim status. Checked RMA status. | Issued refund + rplc both, TL aware. [closed]",helpdesk,False,1,6174.0,2025-10-02 20:28:00,2025-10-02 20:28:00,2025-10,2025Q4,False,Sameer Jadhav,Chat Frontline,1,VA-SW-NX2,Nexa 2 Smartwatch,watch,2450,6499,confirmed_flag,True,2790.0,8964.0,DOA-REPL,0.711129174854917,True,DOA-REPL
TK-245289,2025-09-28 20:38:00,2025-09-28 20:44:00,2025-10-03 23:15:00,resolved,chat,C105469,,VA-EB-PL2,Charging & Battery,High,Chat Frontline,A3039,1,3.0,3499.0,GW-OTHER,Y,"hi, i bought pulse 2 buds on 24 aug.  app shows the left at 0 percent no matter how long its in the case. i removed and reinserted it 10 times. nothing changed. please call me on my registered number.","issue: left earbud not taking charge | asked for photo of the bud contacts -> replacement raised for the bud | xfer escalations & warranty (sop 3.1) -- credited full amount, new unit also going out tomorrow. ~Reyansh",helpdesk,False,1,3499.0,2025-10-03 23:15:00,2025-10-03 23:15:00,2025-10,2025Q4,False,Reyansh Mishra,Escalations & Warranty,2,VA-EB-PL2,Pulse 2 True Wireless Earbuds,earbuds,1480,3499,confirmed_flag,True,1820.0,5319.0,DOA-REPL,0.7845839766699529,True,DOA-REPL
TK-245283,2025-09-28 19:27:00,2025-09-29 01:45:00,2025-10-11 02:51:00,resolved,email,C104471,,VA-SW-NX2,Warranty & Repair,Normal,Escalations & Warranty,A3039,0,3.0,6174.0,DOA-REPL,N,"Product: my Nexa 2 watch
Purchased: 16/07
Issue: I have to tap ten times for one swipe to register
Tried: restarted
Expected: replacement","1. touch issue
2. asked for video
3. replacement raised (sop 5.4)
credited full amount, new unit also going out tomorrow. ~Reyansh",helpdesk,False,1,6174.0,2025-10-11 02:51:00,2025-10-11 02:51:00,2025-10,2025Q4,False,Reyansh Mishra,Escalations & Warranty,2,VA-SW-NX2,Nexa 2 Smartwatch,watch,2450,6499,suspected_notes,True,2790.0,8964.0,,,False,DOA-REPL
TK-245336,2025-09-30 10:48:00,2025-09-30 14:30:00,2025-09-30 14:46:00,resolved,email,C106167,VR902384,VA-EB-PL1,Audio Quality,Normal,Email Frontline,A3018,0,,2374.0,GW-OTHER,N,"helo
right earbud completely silent
pulse earbuds
urgent","single side audio only | walked through reset -> escalated to warranty. -- refund + rplc, cx escalation avoided. ~Krishna",helpdesk,False,1,2374.0,2025-09-30 14:46:00,2025-09-30 14:46:00,2025-09,2025Q3,False,Krishna Bhatt,Email Frontline,1,VA-EB-PL1,Pulse True Wireless Earbuds,earbuds,1120,2499,suspected_notes,True,1460.0,3834.0,REVIEW (low confidence),0.47911683617733464,True,REVIEW (exceeds Rs 500 cap)
TK-245361,2025-09-30 20:42:00,2025-09-30 20:49:00,2025-09-30 21:12:00,resolved,voice,C107990,VR882186,VA-EB-PL1,Connectivity,Normal,Voice Frontline,A3026,0,4.0,2499.0,WTY-BUYBACK,Y,"Hi there,
I bought the Pulse buds on 05/08.  Audio keeps disconnecting every few minutes.
Can someone fix this?
Thanks in advance Rohit Bhatt","bt dropouts | checked interference sources -> rplc approved, reverse pkp arranegd.
Refund done & new unit sent as one-time gesture. //AAD",helpdesk,False,1,2499.0,2025-09-30 21:12:00,2025-09-30 21:12:00,2025-09,2025Q3,False,Aadhya Deshpande,Voice Frontline,1,VA-EB-PL1,Pulse True Wireless Earbuds,earbuds,1120,2499,confirmed_flag,True,1460.0,3959.0,,,False,WTY-BUYBACK
TK-245356,2025-09-30 20:23:00,2025-10-01 12:42:00,2025-10-01 13:04:00,resolved,email,C107129,VR908638,VA-EB-PL2,Delivery & Shipping,Normal,Logistics,A3027,0,,2799.0,GW-OTHER,Y,"hello ji
ordered black, got white, not what i asked for
abhi tak kuch nahi hua
pulse 2","1. Wrong item delivered
2. Verified ord vs delivered item photos
3. Replacement approved, reverse pickup arranged.
Reversed the payment & dispatched a new one under RMA.",helpdesk,False,1,2799.0,2025-10-01 13:04:00,2025-10-01 13:04:00,2025-10,2025Q4,False,Priya Agarwal,Logistics,1,VA-EB-PL2,Pulse 2 True Wireless Earbuds,earbuds,1480,3499,confirmed_flag,True,1820.0,4619.0,REVIEW (low confidence),0.5893737465580409,True,REVIEW (exceeds Rs 500 cap)
TK-245423,2025-10-03 12:03:00,2025-10-03 14:03:00,2025-10-04 14:18:00,resolved,email,C103172,VR904281,VA-EB-PL2,Returns & Refunds,Normal,Returns Desk,A3036,1,,3324.0,GW-OTHER,Y,"Pathetic experience honestly. This is regarding pulse 2 buds. refund not received yet. I already emailed twice. I want a replacement or refund, nothing else.",Ticket raised for refnud delay. chk reverse pickup QC status. Refund of Rs 332 initiated to source. Will monitor. Reversed the payment & dispatched a new one under RMA.,helpdesk,False,1,3324.0,2025-10-04 14:18:00,2025-10-04 14:18:00,2025-10,2025Q4,False,Ritika D'Souza,Returns Desk,1,VA-EB-PL2,Pulse 2 True Wireless Earbuds,earbuds,1480,3499,confirmed_flag,True,1820.0,5144.0,RETURN-QC-OK,0.6806514804365069,True,RETURN-QC-OK
TK-245478,2025-10-04 20:11:00,2025-10-04 20:36:00,,pending,voice,C104845,VR905334,VA-SW-FIT,Charging & Battery,Low,Voice Frontline,A3026,0,,1999.0,DOA-REPL,Y,"[IVR transcript] Order VR905334 (the fit band). Goes from full to empty during one commute. I updated the app. Nothing changed. Please resolve asap. Thank you, Riya Pandey","re: rapid battery drain | chk fw 2.5.5 -> fw update pushed, adv to monitor. | rfnd done & new unit sent as one-time gesture. //AAD",helpdesk,False,1,1999.0,,2025-10-04 20:11:00,2025-10,2025Q4,True,Aadhya Deshpande,Voice Frontline,1,VA-SW-FIT,Nexa Fit Band,watch,850,1999,confirmed_flag,True,1190.0,3189.0,,,False,DOA-REPL
TK-245488,2025-10-05 13:54:00,2025-10-05 14:08:00,2025-10-05 14:28:00,closed,voice,C108146,VR890034,VA-HP-ST3,Connectivity,Normal,Voice Frontline,A3026,0,,11898.0,GW-OTHER,N,[IVR transcript] audio keeps disconnecting every few minutes. please help,"re: connection dropping | adv to test in different location -> fw update rslvd.
Processed FR & raised RMA for new set. //AAD",helpdesk,False,1,11898.0,2025-10-05 14:28:00,2025-10-05 14:28:00,2025-10,2025Q4,False,Aadhya Deshpande,Voice Frontline,1,VA-HP-ST3,Strata 3 Over-Ear Headphones,headphones,2650,6999,suspected_notes,True,2990.0,14888.0,WTY-BUYBACK,0.9034536158688743,True,WTY-BUYBACK
TK-245629,2025-10-09 13:53:00,2025-10-09 14:05:00,2025-10-09 14:31:00,resolved,chat,C107782,,VA-EB-PL2,Other,Normal,Chat Frontline,A3009,0,,3499.0,GW-OTHER,N,"hello vireo, ordered pulse 2 buds in september. bluetooth keeps cutting out. i reset both devices. nothing changed. i am losing patience. waiting for ur reply. thank you",Reported: BT dropouts. Checked FW 2.4.8. FW update rslvd. (SOP 5.4) | Money back to source & a fresh pair shipped. //SUK,helpdesk,False,1,3499.0,2025-10-09 14:31:00,2025-10-09 14:31:00,2025-10,2025Q4,False,Sukhwinder Singh,Chat Frontline,1,VA-EB-PL2,Pulse 2 True Wireless Earbuds,earbuds,1480,3499,suspected_notes,True,1820.0,5319.0,REVIEW (low confidence),0.419898570083971,True,REVIEW (exceeds Rs 500 cap)
TK-245705,2025-10-11 21:43:00,2025-10-11 23:20:00,2025-10-11 23:54:00,resolved,email,C104135,VR880827,VA-EB-PL1,Other,Low,Email Frontline,A3002,0,,4248.0,GW-OTHER,Y,"HII
DISTORTED AUDIO AT HIGH VOLUME
PULSE EARBUDS VR880827","issue: crackling/distortion | checked fw -> fw update, cx to monitor. refund processed to source; replacement unit also shipped. [closed]",helpdesk,False,1,4248.0,2025-10-11 23:54:00,2025-10-11 23:54:00,2025-10,2025Q4,False,Steven Ansari,Chat Frontline,1,VA-EB-PL1,Pulse True Wireless Earbuds,earbuds,1120,2499,confirmed_flag,True,1460.0,5708.0,REVIEW (low confidence),0.47035793439739304,True,REVIEW (exceeds Rs 500 cap)
TK-245777,2025-10-13 19:32:00,2025-10-13 21:12:00,2025-10-16 21:26:00,resolved,voice,C105809,VR902885,VA-EB-PL1,Returns & Refunds,Normal,Returns Desk,A3036,0,4.0,2499.0,GW-OTHER,Y,[IVR transcript] hi i have been sitting at home for 3 days waiting for your courier,"Reported: pickup not done. chk pickup AWB. Refund processed without pickup as goodwill. Case closd with cx consent. (SOP 5.4)
Amount returned to card; fresh unit shipped from BLR warehouse.",helpdesk,False,1,2499.0,2025-10-16 21:26:00,2025-10-16 21:26:00,2025-10,2025Q4,False,Ritika D'Souza,Returns Desk,1,VA-EB-PL1,Pulse True Wireless Earbuds,earbuds,1120,2499,confirmed_flag,True,1460.0,3959.0,RETURN-QC-OK,0.7432933215908861,True,RETURN-QC-OK
TK-245903,2025-10-17 10:14:00,2025-10-17 10:17:00,2025-10-17 10:28:00,resolved,chat,C105775,,VA-HP-ST3,Delivery & Shipping,Normal,Logistics,A3005,1,,5599.0,GW-OTHER,N,"paid on october 06, stlil waiting for something to show up","Reported: delivery delayed. Checked AWB with courier. Transferred to Chat Frontline. RTO conf, reshipped.
Refund processed to source; replacement unit also shipped.",helpdesk,False,1,5599.0,2025-10-17 10:28:00,2025-10-17 10:28:00,2025-10,2025Q4,False,Payal Bhatia,Chat Frontline,1,VA-HP-ST3,Strata 3 Over-Ear Headphones,headphones,2650,6999,suspected_notes,True,2990.0,8589.0,LOST-TRANSIT,0.6570252707790677,True,LOST-TRANSIT
TK-246005,2025-10-19 21:52:00,2025-10-19 23:08:00,2025-10-19 23:33:00,closed,voice,C100070,VR888186,VA-HP-ST2,Connectivity,Normal,Voice Frontline,A3003,0,2.0,4499.0,DOA-REPL,Y,"i am losing patience. strata 2 purchased last month, order vr888186. the sound stutters whenever my phone is in my pocket. i already kept phone in hand. this is the last time i buy from you.","1. BT dropouts
2. Checked FW 2.5.8
3. FW upddate resolved (SOP 5.4) | Money back to source and a fresh pair shipped. -KS",helpdesk,False,1,4499.0,2025-10-19 23:33:00,2025-10-19 23:33:00,2025-10,2025Q4,False,Komal Singh,Chat Frontline,1,VA-HP-ST2,Strata 2 Over-Ear Headphones,headphones,2100,4999,confirmed_flag,True,2440.0,6939.0,,,False,DOA-REPL
TK-246060,2025-10-21 12:51:00,2025-10-21 13:10:00,2025-10-29 16:09:00,resolved,voice,C104315,,VA-EB-PL2,Warranty & Repair,Normal,Escalations & Warranty,A3039,0,,3149.0,GW-OTHER,Y,"[IVR transcript] hi service centre took it, now silence","cx: repair status follow-up | checked rma status -> repair completed, shipped back.
refund done and new unit sent as one-time gesture. ~Reyansh",helpdesk,False,1,3149.0,2025-10-29 16:09:00,2025-10-29 16:09:00,2025-10,2025Q4,False,Reyansh Mishra,Escalations & Warranty,2,VA-EB-PL2,Pulse 2 True Wireless Earbuds,earbuds,1480,3499,confirmed_flag,True,1820.0,4969.0,DOA-REPL,0.659059082353387,True,DOA-REPL
TK-246126,2025-10-22 23:12:00,2025-10-23 03:13:00,2025-10-26 04:12:00,closed,email,C105100,VR899211,VA-SW-NX2,Warranty & Repair,Low,Escalations & Warranty,A3039,0,3.0,6499.0,GW-OTHER,N,"touch screen not responding, VR899211","new unit shipped under doa. issue: unresponsive display. walked through hard reset. (sop 3.1) -- refund + rplc, cx escalation avoided. ~Reyansh",helpdesk,False,1,6499.0,2025-10-26 04:12:00,2025-10-26 04:12:00,2025-10,2025Q4,False,Reyansh Mishra,Escalations & Warranty,2,VA-SW-NX2,Nexa 2 Smartwatch,watch,2450,6499,suspected_notes,True,2790.0,9289.0,WTY-BUYBACK,0.6879726151838873,True,WTY-BUYBACK
TK-246139,2025-10-23 10:41:00,2025-10-23 10:47:00,2025-10-23 11:02:00,resolved,chat,C103546,VR908977,VA-EB-PL2,Connectivity,Normal,Chat Frontline,A3006,0,4.0,6998.0,GW-OTHER,N,"Hi there,
This is regarding the Pulse 2 earbuds. It connects for a second and then vanishes from the device list.
I restarted the phone.
Please help.
Rgds,","re-pair successful, resolved on chat. issue: device not discoverable. checked phone os version.
issued refund + replacement both, tl aware. -VB",helpdesk,False,1,6998.0,2025-10-23 11:02:00,2025-10-23 11:02:00,2025-10,2025Q4,False,Varun Bhatt,Chat Frontline,1,VA-EB-PL2,Pulse 2 True Wireless Earbuds,earbuds,1480,3499,suspected_notes,True,1820.0,8818.0,DOA-REPL,0.6002587203819889,True,DOA-REPL
TK-246171,2025-10-23 17:19:00,2025-10-23 17:36:00,2025-10-23 17:56:00,resolved,chat,C104184,VR887053,VA-EB-PL2,Delivery & Shipping,Normal,Logistics,A3030,0,,3499.0,GW-OTHER,Y,"very poro quality. bought pulse 2 around 22/10 from flipkart. received the wrong item. i already checked the invoice. i want a replacement or refund, nothing else.",Cust contacted re wrong variant rcvd. Verified order vs delivered item photos. Replacement unit dispatched. Payment reversed Rs 3499. New piece dispatched same day. //AIS,helpdesk,False,1,3499.0,2025-10-23 17:56:00,2025-10-23 17:56:00,2025-10,2025Q4,False,Aishwarya Trivedi,Logistics,1,VA-EB-PL2,Pulse 2 True Wireless Earbuds,earbuds,1480,3499,confirmed_flag,True,1820.0,5319.0,REVIEW (low confidence),0.3576658122325544,True,REVIEW (exceeds Rs 500 cap)
TK-246170,2025-10-23 16:47:00,2025-10-23 17:27:00,2025-10-27 19:09:00,resolved,voice,C106508,VR901110,VA-HP-ST3,Connectivity,Low,Voice Frontline,A3039,1,,6999.0,GW-OTHER,Y,[IVR transcript] pairing is not working VR901110,"sorted (sop 3.1)
refund + rplc, cx escalation avoided. ~Reyansh",helpdesk,False,1,6999.0,2025-10-27 19:09:00,2025-10-27 19:09:00,2025-10,2025Q4,False,Reyansh Mishra,Escalations & Warranty,2,VA-HP-ST3,Strata 3 Over-Ear Headphones,headphones,2650,6999,confirmed_flag,True,2990.0,9989.0,WTY-BUYBACK,0.6607567869219381,True,WTY-BUYBACK
TK-246279,2025-10-26 19:02:00,2025-10-26 19:03:00,2025-10-26 19:32:00,resolved,chat,C109069,VR887516,VA-EB-PL1,Charging & Battery,Normal,Chat Frontline,A3014,0,,1999.0,GW-OTHER,Y,"Hello, Got the Pulse buds from Amazon 3 weeks back. Battery draining even when not in use. I updated the app. NOTHING CHANGED. Pathetic experience honestly. Please advise. Awaiting response,","Escalated to warranty. Issue: battery draining fast. chk usage pattern w/ cx. -- Issued rfnd + rplc both, TL aware. -AD",helpdesk,False,1,1999.0,2025-10-26 19:32:00,2025-10-26 19:32:00,2025-10,2025Q4,False,Anjali D'Souza,Chat Frontline,1,VA-EB-PL1,Pulse True Wireless Earbuds,earbuds,1120,2499,confirmed_flag,True,1460.0,3459.0,DOA-REPL,0.7708871995833869,True,DOA-REPL
TK-246317,2025-10-27 20:02:00,2025-10-27 20:12:00,2025-11-01 20:43:00,resolved,chat,C102269,VR880523,VA-EB-AIR,Delivery & Shipping,High,Logistics,A3030,0,2.0,1799.0,GW-OTHER,Y,"hey, this is regarding the airlite buds. the parcel looked like it was kicked here from the warehouse, & the unit has a crack. waiting for ur reply. thanks aarav","Cx reported transit damage. Photos received, damage conf. New unit shipped under DOA. | Cx got the amount back, also sending a new set to keep him happy. //AIS",helpdesk,False,1,1799.0,2025-11-01 20:43:00,2025-11-01 20:43:00,2025-11,2025Q4,False,Aishwarya Trivedi,Logistics,1,VA-EB-AIR,AirLite Earbuds,earbuds,760,1799,confirmed_flag,True,1100.0,2899.0,DOA-REPL,0.8992990332854411,True,DOA-REPL
TK-246466,2025-10-31 17:16:00,2025-10-31 17:30:00,2025-10-31 17:58:00,resolved,chat,C101151,VR908959,VA-HP-ST2,Returns & Refunds,High,Returns Desk,A3033,1,1.0,3999.0,GW-OTHER,N,nobody came for the picukp - vr908959 - i watn a replacement,"1. pkp not done
2. checked pkp awb
3. transferred to billing
4. rfnd processed without pkp as goodwill. both refund and replacement given as cx threatened social media.",helpdesk,False,1,3999.0,2025-10-31 17:58:00,2025-10-31 17:58:00,2025-10,2025Q4,False,Vikram Banerjee,Billing,1,VA-HP-ST2,Strata 2 Over-Ear Headphones,headphones,2100,4999,suspected_notes,True,2440.0,6439.0,REVIEW (low confidence),0.43462430757342274,True,REVIEW (exceeds Rs 500 cap)
TK-246750,2025-11-07 20:45:00,2025-11-07 20:50:00,2025-11-07 21:06:00,resolved,chat,C104642,VR881947,VA-EB-AIR,Audio Quality,Normal,Chat Frontline,A3012,0,2.0,1799.0,GW-OTHER,N,"dear sir/madam,

i am writing w/ reference to my order of airlite earbuds (vr881947) placed on 28/04. microphone is very low on the airlite earbuds. i have tried different apps. i request u to provide a resolution within 3 working days.

yours faithfully,
tanvi das","customer reached out - low mic pkp. checked mic permissions on phone. fw update adv. | credited full amount, new unit also going out tomorrow.",helpdesk,False,1,1799.0,2025-11-07 21:06:00,2025-11-07 21:06:00,2025-11,2025Q4,False,Lakshmi Srivastava,Chat Frontline,1,VA-EB-AIR,AirLite Earbuds,earbuds,760,1799,suspected_notes,True,1100.0,2899.0,REVIEW (low confidence),0.4988348176371716,True,REVIEW (exceeds Rs 500 cap)
TK-246825,2025-11-09 12:18:00,2025-11-09 15:37:00,2025-11-14 15:53:00,resolved,email,C107640,,VA-EB-PL1,Delivery & Shipping,High,Logistics,A3030,0,2.0,2249.0,DOA-REPL,Y,"Product: pulse 1
Purchased: October 31
Issue: received damaged product
Tried: took photos
Expected: fix","Ticket raised for damaged in transit. Photos received, damage confirmed. Refunded Rs 2249. //AIS",helpdesk,False,1,2249.0,2025-11-14 15:53:00,2025-11-14 15:53:00,2025-11,2025Q4,False,Aishwarya Trivedi,Logistics,1,VA-EB-PL1,Pulse True Wireless Earbuds,earbuds,1120,2499,confirmed_flag,True,1460.0,3709.0,,,False,DOA-REPL
TK-246850,2025-11-10 08:43:00,2025-11-10 09:05:00,2025-11-15 10:37:00,resolved,voice,C106505,VR884942,VA-EB-PL2,Warranty & Repair,Normal,Escalations & Warranty,A3039,0,,3324.0,GW-OTHER,N,"hii
left earbud not charging, right one is fine
the pulse 2 earbuds","cx: l bud no charge in case | confirmed fw 3.4.6 -> advised to observe for 48h and revert.
refund processed to source; replacement unit also shipped. ~Reyansh",helpdesk,False,1,3324.0,2025-11-15 10:37:00,2025-11-15 10:37:00,2025-11,2025Q4,False,Reyansh Mishra,Escalations & Warranty,2,VA-EB-PL2,Pulse 2 True Wireless Earbuds,earbuds,1480,3499,suspected_notes,True,1820.0,5144.0,REVIEW (low confidence),0.5619273592117755,True,REVIEW (exceeds Rs 500 cap)
TK-246844,2025-11-09 21:52:00,2025-11-09 22:34:00,2025-11-09 23:01:00,resolved,social,C102136,,VA-SW-NX2,Delivery & Shipping,Normal,Logistics,A3029,0,,6499.0,GW-OTHER,Y,This is very disappointing.  Got Nexa 2 from Amazon around Diwali. opened the parcel and it is a completely different thing. I already rechecked my order. Fix this or I am posting on twitter.,refunded rs 6499. issue: incorrect product shipped. verified order vs delivered item photos. -- both refund and replacement given as cx threatened social media. -RM,helpdesk,False,1,6499.0,2025-11-09 23:01:00,2025-11-09 23:01:00,2025-11,2025Q4,False,Rajat Mukherjee,Logistics,1,VA-SW-NX2,Nexa 2 Smartwatch,watch,2450,6499,confirmed_flag,True,2790.0,9289.0,REVIEW (low confidence),0.42506647264900715,True,REVIEW (exceeds Rs 500 cap)
TK-246895,2025-11-11 17:43:00,2025-11-11 18:51:00,,pending,voice,C104253,VR900909,VA-HP-ST2,Delivery & Shipping,Normal,Logistics,A3030,0,3.0,3999.0,WTY-BUYBACK,Y,[IVR transcript] this is very disappointing.  got strata 2 from vireo.in 10 days ago. i haven't received my order. i already called the courier. fix this or i am posting on twitter.,Customer states delivery delayed. Confirmed address with cx. Re-shipped from warehouse. -- rfnd done & new unit sent as one-time gesture. //AIS,helpdesk,False,1,3999.0,,2025-11-11 17:43:00,2025-11,2025Q4,True,Aishwarya Trivedi,Logistics,1,VA-HP-ST2,Strata 2 Over-Ear Headphones,headphones,2100,4999,confirmed_flag,True,2440.0,6439.0,,,False,WTY-BUYBACK
TK-246876,2025-11-10 21:56:00,2025-11-10 21:56:00,2025-11-10 22:12:00,resolved,chat,C106920,,VA-HP-ST3,Delivery & Shipping,Normal,Logistics,A3030,0,3.0,5949.0,GW-OTHER,Y,"namaste, got my strata 3 headphones from vireo.in a month ago. order not delivered, tracking not updating. i checked the tracking page daily. please help. thanks in advance,",Cx says ord not delivered. chk AWB with crr. Re-shipped from warehouse. | Full refund issued & replacement dispatched as goodwill. //AIS,helpdesk,False,1,5949.0,2025-11-10 22:12:00,2025-11-10 22:12:00,2025-11,2025Q4,False,Aishwarya Trivedi,Logistics,1,VA-HP-ST3,Strata 3 Over-Ear Headphones,headphones,2650,6999,confirmed_flag,True,2990.0,8939.0,LOST-TRANSIT,0.7006938182336498,True,LOST-TRANSIT
TK-246928,2025-11-12 12:20:00,2025-11-12 12:52:00,2025-11-12 13:29:00,resolved,voice,C103623,,VA-EB-PL2,Connectivity,Low,Voice Frontline,A3024,0,,3324.0,GW-OTHER,Y,[IVR transcript] hi it connects for a second and then vanishes from the device list pls reply,"Reported: device not discoverable. Walked through forget + re-pair. Reset done, paired ok. Case closed with cx consent. -- Reversed the payment and dispatched a new one under RMA. ~Amit",helpdesk,False,1,3324.0,2025-11-12 13:29:00,2025-11-12 13:29:00,2025-11,2025Q4,False,Amit Deshpande,Voice Frontline,1,VA-EB-PL2,Pulse 2 True Wireless Earbuds,earbuds,1480,3499,confirmed_flag,True,1820.0,5144.0,WTY-BUYBACK,0.7387870096139072,True,WTY-BUYBACK
TK-247093,2025-11-16 12:52:00,2025-11-16 15:23:00,2025-11-16 15:46:00,closed,voice,C108582,,VA-EB-PL1,Delivery & Shipping,Normal,Logistics,A3030,0,,2499.0,GW-OTHER,Y,[IVR transcript] hello ji box was crushed and teh the pulse buds is crcaked please jaldi anyone tere,"Customer states transit damage. chk w/ courier for damage claim. Replacement approved, reverse pickup arranged.
Refunded Rs 2499 & also raised replacement, cx was very upset. //AIS",helpdesk,False,1,2499.0,2025-11-16 15:46:00,2025-11-16 15:46:00,2025-11,2025Q4,False,Aishwarya Trivedi,Logistics,1,VA-EB-PL1,Pulse True Wireless Earbuds,earbuds,1120,2499,confirmed_flag,True,1460.0,3959.0,DOA-REPL,0.742289026952975,True,DOA-REPL
TK-247086,2025-11-16 10:32:00,2025-11-16 10:52:00,2025-11-18 15:43:00,resolved,voice,C102773,,VA-SW-FIT,Warranty & Repair,Normal,Escalations & Warranty,A3039,0,3.0,1599.0,GW-OTHER,Y,"what is the status of my warranty claim
how do i get this fixed?","issue: warranty claim status | checked rma status -> repair completed, shipped back. refund done and new unit sent as one-time gesture. ~Reyansh",helpdesk,False,1,1599.0,2025-11-18 15:43:00,2025-11-18 15:43:00,2025-11,2025Q4,False,Reyansh Mishra,Escalations & Warranty,2,VA-SW-FIT,Nexa Fit Band,watch,850,1999,confirmed_flag,True,1190.0,2789.0,WTY-BUYBACK,0.6695319015803395,True,WTY-BUYBACK
TK-247114,2025-11-17 09:06:00,2025-11-17 14:36:00,2025-11-25 17:49:00,resolved,email,C100521,VR900484,VA-EB-PL2,Warranty & Repair,Normal,Escalations & Warranty,A3042,0,,6648.0,GW-OTHER,N,"one of them (left) never gets the green light in the case, VR900484","l bud no charge in case | tested with cx on call -> replacement raised, rma shared with cx.
refunded rs 6648 & also raised replacement, cx was very upset.",helpdesk,False,1,6648.0,2025-11-25 17:49:00,2025-11-25 17:49:00,2025-11,2025Q4,False,Swati Bhatia,Escalations & Warranty,2,VA-EB-PL2,Pulse 2 True Wireless Earbuds,earbuds,1480,3499,suspected_notes,True,1820.0,8468.0,WTY-BUYBACK,0.6522665970577475,True,WTY-BUYBACK
TK-247126,2025-11-17 12:46:00,2025-11-17 12:48:00,2025-11-17 13:20:00,resolved,chat,C106318,,VA-SP-ORB,Audio Quality,Low,Chat Frontline,A3006,0,,5999.0,GW-OTHER,N,"hello ji
teh sound stutters wheneevr my phone is in my pocket","advised, cx will monitor. issue: bt dropouts. checked interference sources. money back to source and a fresh pair shipped. -VB",helpdesk,False,1,5999.0,2025-11-17 13:20:00,2025-11-17 13:20:00,2025-11,2025Q4,False,Varun Bhatt,Chat Frontline,1,VA-SP-ORB,Orbit Smart Speaker,speaker,2300,5999,suspected_notes,True,2640.0,8639.0,WTY-BUYBACK,0.6031380954105171,True,WTY-BUYBACK
TK-247254,2025-11-20 18:31:00,2025-11-20 18:35:00,2025-11-21 18:54:00,resolved,chat,C106728,VR899236,VA-EB-PL1,Returns & Refunds,Normal,Returns Desk,A3036,0,,2499.0,GW-OTHER,Y,"product: my pulse
order: vr899236
purchased: 23-10-2025
issue: where is the money for the return
tried: checked bank
expected: replacement","1. Refund pending
2. Checked refund status on PG
3. Refund of Rs 500 initiated to source.
Refunded Rs 2499 & also raised replacement, cx was very upset.",helpdesk,False,1,2499.0,2025-11-21 18:54:00,2025-11-21 18:54:00,2025-11,2025Q4,False,Ritika D'Souza,Returns Desk,1,VA-EB-PL1,Pulse True Wireless Earbuds,earbuds,1120,2499,confirmed_flag,True,1460.0,3959.0,RETURN-QC-OK,0.7052925806781027,True,RETURN-QC-OK
TK-247267,2025-11-20 23:53:00,2025-11-21 03:26:00,2025-11-21 03:43:00,resolved,email,C104469,,VA-HP-ST3,Connectivity,Normal,Email Frontline,A3016,0,,13998.0,DOA-REPL,Y,"namaste, i bought strata 3 on september 15. not pairing with my phone. i forgot the device and tried again. nothing changed. kindly look into it.","Customer states pairing failure. Walked through forget + re-pair. Reset done, paired ok.
Cx got the amount back, also sending a new set to keep him happy. -TK",helpdesk,False,1,13998.0,2025-11-21 03:43:00,2025-11-21 03:43:00,2025-11,2025Q4,False,Thomas Kumar,Email Frontline,1,VA-HP-ST3,Strata 3 Over-Ear Headphones,headphones,2650,6999,confirmed_flag,True,2990.0,16988.0,,,False,DOA-REPL
TK-247298,2025-11-21 16:19:00,2025-11-21 17:13:00,2025-11-21 17:39:00,resolved,social,C105277,VR896236,VA-SP-MINI,Audio Quality,Normal,Chat Frontline,A3014,0,,2499.0,GW-OTHER,N,"distorted audio at high volume, vr896236","FW update, cx to monitor. Issue: audiio distortion. chk w/ different source. | refund + rplc, cx escalation avoided. -AD",helpdesk,False,1,2499.0,2025-11-21 17:39:00,2025-11-21 17:39:00,2025-11,2025Q4,False,Anjali D'Souza,Chat Frontline,1,VA-SP-MINI,Orbit Mini Speaker,speaker,980,2499,suspected_notes,True,1320.0,3819.0,WTY-BUYBACK,0.8179880607228035,True,WTY-BUYBACK
TK-247297,2025-11-21 15:30:00,2025-11-21 15:58:00,2025-11-21 16:26:00,resolved,email,C101370,VR905861,VA-EB-PL2,Delivery & Shipping,Low,Logistics,A3030,0,,2974.0,WTY-BUYBACK,Y,"Product: Pulse2
Order: VR905861
Purchased: 22/10
Issue: order not delivered, tracking not updating
Tried: checked with neighbours
Expected: replacement","cx reached out - shipment not received. Confirmed address with cx. RTO confirmed, reshipped.
Both refund and rplc given as cx threatened social media. //AIS",helpdesk,False,1,2974.0,2025-11-21 16:26:00,2025-11-21 16:26:00,2025-11,2025Q4,False,Aishwarya Trivedi,Logistics,1,VA-EB-PL2,Pulse 2 True Wireless Earbuds,earbuds,1480,3499,confirmed_flag,True,1820.0,4794.0,,,False,WTY-BUYBACK
TK-247457,2025-11-25 15:53:00,2025-11-25 16:05:00,2025-11-25 16:30:00,closed,chat,C104492,VR892014,VA-EB-PL2,Returns & Refunds,Normal,Returns Desk,A3036,0,,3499.0,WTY-BUYBACK,N,pickup scheduled but no one showed up. VR892014,"Cust contacted re pickup missed. Re-raised pickup with crr. Pickup done, refund initiated. Follow-up not required. (SOP 2.7)
Issued rfnd + rplc both, TL aware.",helpdesk,False,1,3499.0,2025-11-25 16:30:00,2025-11-25 16:30:00,2025-11,2025Q4,False,Ritika D'Souza,Returns Desk,1,VA-EB-PL2,Pulse 2 True Wireless Earbuds,earbuds,1480,3499,suspected_notes,True,1820.0,5319.0,,,False,WTY-BUYBACK
TK-247492,2025-11-26 16:23:00,2025-11-26 17:30:00,2025-12-01 17:55:00,resolved,social,C101398,,VA-SW-FIT,Delivery & Shipping,High,Logistics,A3030,0,,1999.0,GW-OTHER,Y,"to the vireo customer care team,

i am writing with reference to my order of nexa fit placed on 26-11-2025. the parcel looked like it was kicked here form the warehouse, and the unit has a crack. i have refused nothing as i didn't notice till later. i request you to look inot this matter at the earliest.

regards,
sai jain","issue: transit damage | photos received, damage confirmed -> reverse pkp arranged. Processed FR and raised RMA for new set. //AIS",helpdesk,False,1,1999.0,2025-12-01 17:55:00,2025-12-01 17:55:00,2025-12,2025Q4,False,Aishwarya Trivedi,Logistics,1,VA-SW-FIT,Nexa Fit Band,watch,850,1999,confirmed_flag,True,1190.0,3189.0,DOA-REPL,0.8128612573743044,True,DOA-REPL
TK-247574,2025-11-28 18:48:00,2025-11-28 18:50:00,2025-11-28 19:11:00,resolved,chat,C101398,,VA-SW-FIT,Returns & Refunds,Normal,Returns Desk,A3036,0,,1999.0,WTY-BUYBACK,N,"dear sir/madam,

i am writing with reference to my order of the fit band placed on 26 nov.  ordered black, got white, not what i asked for. i have checked the invoice. i request you to process a refund to my original paayment method.

yors faithfully,
sai jain
nagpur",Contact re incorrect product shipped. Verified ord vs delivered item photos. New unit shipped under DOA. Case colsed w/ cx consent. (SOP 2.7) -- Processed FR and raised RMA for new set.,helpdesk,False,1,1999.0,2025-11-28 19:11:00,2025-11-28 19:11:00,2025-11,2025Q4,False,Ritika D'Souza,Returns Desk,1,VA-SW-FIT,Nexa Fit Band,watch,850,1999,suspected_notes,True,1190.0,3189.0,,,False,WTY-BUYBACK
TK-247568,2025-11-28 16:37:00,2025-11-28 18:08:00,2025-11-29 22:51:00,resolved,email,C107845,VR896562,VA-EB-AIR,Warranty & Repair,Low,Escalations & Warranty,A3041,0,4.0,1439.0,GW-OTHER,Y,warranty claim pending for 15 days,"1. RMA status query
2. Checked RMA status
3. Cx updated, ETA shared. | Refunded Rs 1439 and also raised rplc, cx was very upset.",helpdesk,False,1,1439.0,2025-11-29 22:51:00,2025-11-29 22:51:00,2025-11,2025Q4,False,Mohammed Mehta,Escalations & Warranty,2,VA-EB-AIR,AirLite Earbuds,earbuds,760,1799,confirmed_flag,True,1100.0,2539.0,WTY-BUYBACK,0.8135213517126227,True,WTY-BUYBACK
TK-247621,2025-11-29 17:49:00,2025-11-29 19:48:00,2025-11-29 20:11:00,closed,email,C108345,VR894277,VA-HP-ST2,Returns & Refunds,Normal,Returns Desk,A3036,0,,4999.0,GW-OTHER,Y,"to the vireo customer care team,

i am wriitng with reference to my order of strata 2 (vr894277) placed on 15 nov.  refund not received yet. i have checkde bank. i request you to process a refund to my original payment method.

regards,
amit pawar","Cx reported refund not credited. Checked reverse pickup QC status. Full refund processed (4999). Case colsed with cx consent.
Refunded Rs 4999 and also raised replacement, cx was very upset.",helpdesk,False,1,4999.0,2025-11-29 20:11:00,2025-11-29 20:11:00,2025-11,2025Q4,False,Ritika D'Souza,Returns Desk,1,VA-HP-ST2,Strata 2 Over-Ear Headphones,headphones,2100,4999,confirmed_flag,True,2440.0,7439.0,REVIEW (low confidence),0.5586267396383553,True,REVIEW (exceeds Rs 500 cap)
TK-247661,2025-11-30 17:11:00,2025-11-30 17:44:00,2025-11-30 18:16:00,resolved,voice,C106694,VR882515,VA-HP-ST3,Audio Quality,Normal,Voice Frontline,A3026,0,,6999.0,GW-OTHER,N,[IVR transcript] microphone is very low on the my Strata 3 headphones,"issue: mic not working on calls | tested on call with cx -> rplc raised. -- Cx got the amount back, also sending a new set to keep him happy. //AAD",helpdesk,False,1,6999.0,2025-11-30 18:16:00,2025-11-30 18:16:00,2025-11,2025Q4,False,Aadhya Deshpande,Voice Frontline,1,VA-HP-ST3,Strata 3 Over-Ear Headphones,headphones,2650,6999,suspected_notes,True,2990.0,9989.0,REVIEW (low confidence),0.48695314467066114,True,REVIEW (exceeds Rs 500 cap)
TK-247941,2025-12-07 21:39:00,2025-12-07 23:34:00,2025-12-08 00:03:00,resolved,voice,C104804,,VA-HP-ST3,Connectivity,Normal,Voice Frontline,A3002,0,3.0,6299.0,GW-OTHER,Y,[IVR transcript] Ths is very disappointing. Bought my Strata 3 headphones aronud 17/09 from vireo.in. not pairing with my phone. I already tried on another phone. This is the last time I buy from you.,"cx: pairing failure | checked phone os version -> re-pair successful, resolved on chat. -- refund done and new unit sent as one-time gesture. [closed]",helpdesk,False,1,6299.0,2025-12-08 00:03:00,2025-12-08 00:03:00,2025-12,2025Q4,False,Steven Ansari,Chat Frontline,1,VA-HP-ST3,Strata 3 Over-Ear Headphones,headphones,2650,6999,confirmed_flag,True,2990.0,9289.0,DOA-REPL,0.7163612517790011,True,DOA-REPL
TK-247935,2025-12-07 21:35:00,2025-12-07 21:44:00,2025-12-07 22:22:00,resolved,chat,C108844,VR904553,VA-EB-PL2,Audio Quality,Normal,Chat Frontline,A3015,0,,3499.0,DOA-REPL,N,"Hey,
Pulse 2 purchased 10 days ago, order VR904553. Everything sounds like it is coming from one direction now.
I reset the buds.
Need this sorted this week.
Thanks & regards, Sunita","rplc raised, RMA shared w/ cx. Issue: left side silent. Checked balance settings w/ cx.
Refund done and new unit sent as one-time gesture. [closed]",helpdesk,False,1,3499.0,2025-12-07 22:22:00,2025-12-07 22:22:00,2025-12,2025Q4,False,Sameer Jadhav,Chat Frontline,1,VA-EB-PL2,Pulse 2 True Wireless Earbuds,earbuds,1480,3499,suspected_notes,True,1820.0,5319.0,,,False,DOA-REPL
TK-247933,2025-12-07 19:25:00,2025-12-07 21:03:00,2025-12-07 21:33:00,resolved,voice,C101427,VR890543,VA-EB-AIR,Audio Quality,Normal,Voice Frontline,A3026,0,,1619.0,WTY-BUYBACK,Y,[IVR transcript] a hiss that wasn't there when i bouught it. vr890543,"cx: crackling/distortion | asked for a recording -> adv eq reset, rslvd. Sent a new unit & released the money as well, cx was in tears on call. //AAD",helpdesk,False,1,1619.0,2025-12-07 21:33:00,2025-12-07 21:33:00,2025-12,2025Q4,False,Aadhya Deshpande,Voice Frontline,1,VA-EB-AIR,AirLite Earbuds,earbuds,760,1799,confirmed_flag,True,1100.0,2719.0,,,False,WTY-BUYBACK
TK-247969,2025-12-08 12:37:00,2025-12-08 12:39:00,2025-12-08 13:13:00,resolved,chat,C100467,VR907000,VA-SW-NX2,Connectivity,Normal,Chat Frontline,A3007,0,3.0,6499.0,GW-OTHER,Y,"product: nexa 2
order: vr907000
purchased: 28-10-2025
issue: not pairing with my phone
tried: restarted the phone
expected: resolution","reset done. issued rfnd + rplc both, tl aware.",helpdesk,False,1,6499.0,2025-12-08 13:13:00,2025-12-08 13:13:00,2025-12,2025Q4,False,Abhishek Gupta,Chat Frontline,1,VA-SW-NX2,Nexa 2 Smartwatch,watch,2450,6499,confirmed_flag,True,2790.0,9289.0,DOA-REPL,0.7671449170986961,True,DOA-REPL
TK-247961,2025-12-08 11:25:00,2025-12-08 11:27:00,2025-12-11 11:44:00,closed,chat,C108204,VR899407,VA-EB-PL2,Returns & Refunds,Normal,Returns Desk,A3037,0,3.0,3499.0,GW-OTHER,Y,"bhai
nobody came for teh pickup
the pulse 2 earbuds
kindly do the needful",pickup rescheduled for 09 dec. issue: reverse pickup pending. checked pickup awb. | refund done and new unit sent as one-time gesture. ~Manish,helpdesk,False,1,3499.0,2025-12-11 11:44:00,2025-12-11 11:44:00,2025-12,2025Q4,False,Manish Iyer,Returns Desk,1,VA-EB-PL2,Pulse 2 True Wireless Earbuds,earbuds,1480,3499,confirmed_flag,True,1820.0,5319.0,RETURN-QC-OK,0.7071182616589948,True,RETURN-QC-OK
TK-247997,2025-12-09 08:37:00,2025-12-09 09:20:00,2025-12-09 10:03:00,resolved,voice,C101974,,VA-SP-MINI,Other,Normal,Voice Frontline,A3025,0,,2499.0,GW-OTHER,Y,"hello
the app finds the speaker and then gives up at the network step
kindly do the needful","2.4ghz worked, rslvd. issue: unable to connect to wifi. chk app version.
both rfnd and rplc given as cx threatened social media. //KOM",helpdesk,False,1,2499.0,2025-12-09 10:03:00,2025-12-09 10:03:00,2025-12,2025Q4,False,Komal Malhotra,Voice Frontline,1,VA-SP-MINI,Orbit Mini Speaker,speaker,980,2499,confirmed_flag,True,1320.0,3819.0,WTY-BUYBACK,0.6427933409501403,True,WTY-BUYBACK
TK-248082,2025-12-11 10:36:00,2025-12-11 11:24:00,2025-12-11 11:50:00,resolved,email,C103727,VR886568,VA-EB-PL2,Charging & Battery,Low,Email Frontline,A3022,0,4.0,3499.0,GW-OTHER,Y,"Dear team, Pulse2 purchased last month, order VR886568. The L bud is basically a paperweight now, R is fine. I tried another charger. Not acceptable at this price. How do I get this fixed? Awaitnig response","Cx says left earbud not taking charge. Tested w/ cx on call. Reset rslvd, cx confirmed left bud charging. (SOP 3.1) | Processed FR and raised RMA for new set.",helpdesk,False,1,3499.0,2025-12-11 11:50:00,2025-12-11 11:50:00,2025-12,2025Q4,False,Daniel Arora,Email Frontline,1,VA-EB-PL2,Pulse 2 True Wireless Earbuds,earbuds,1480,3499,confirmed_flag,True,1820.0,5319.0,WTY-BUYBACK,0.7689811729383325,True,WTY-BUYBACK
TK-248113,2025-12-12 07:58:00,2025-12-12 08:05:00,2025-12-19 09:50:00,resolved,chat,C105673,VR900803,VA-SP-MINI,Connectivity,Normal,Chat Frontline,A3043,1,,1999.0,DOA-REPL,N,"hello
cannot pair orbit mini with my laptop
hello??","re-pair successful, rslvd on chat. -- Processed FR and raised RMA for new set. //NIK",helpdesk,False,1,1999.0,2025-12-19 09:50:00,2025-12-19 09:50:00,2025-12,2025Q4,False,Nikhil Gupta,Escalations & Warranty,2,VA-SP-MINI,Orbit Mini Speaker,speaker,980,2499,suspected_notes,True,1320.0,3319.0,,,False,DOA-REPL
TK-248268,2025-12-17 11:56:00,2025-12-17 11:58:00,2025-12-20 12:12:00,resolved,chat,C102037,,VA-EB-PL1,Other,Normal,Chat Frontline,A3013,0,3.0,2499.0,DOA-REPL,N,my order has not been delivered yet. please call me on my registered number,"courier confirmed delivery for 19 dec, cx informed. issue: order not delivered. checked awb with courier. | sent a new unit and released the money as well, cx was in tears on call. ~Rohit",helpdesk,False,1,2499.0,2025-12-20 12:12:00,2025-12-20 12:12:00,2025-12,2025Q4,False,Rohit Nair,Chat Frontline,1,VA-EB-PL1,Pulse True Wireless Earbuds,earbuds,1120,2499,suspected_notes,True,1460.0,3959.0,,,False,DOA-REPL
TK-248252,2025-12-16 20:42:00,2025-12-16 20:56:00,2025-12-16 21:11:00,closed,voice,C108004,VR893444,VA-EB-PL1,Connectivity,Normal,Voice Frontline,A3026,0,,2499.0,GW-OTHER,Y,Not acceptable at this price. Bought the Pulse buds around October 15 from Flipkart. the pairing light blinks but nothing ever shows up on my OnePlus. I already restarted the phone. Refund. Now.,"Cust contacted re pairing failure. Walked through forget + re-pair. adv FW update via app, rslvd.
Both rfnd & rplc given as cx threatened social media. //AAD",helpdesk,False,1,2499.0,2025-12-16 21:11:00,2025-12-16 21:11:00,2025-12,2025Q4,False,Aadhya Deshpande,Voice Frontline,1,VA-EB-PL1,Pulse True Wireless Earbuds,earbuds,1120,2499,confirmed_flag,True,1460.0,3959.0,WTY-BUYBACK,0.8039457367357105,True,WTY-BUYBACK
TK-248319,2025-12-19 07:48:00,2025-12-19 07:54:00,2025-12-19 08:09:00,resolved,chat,C106828,VR903670,VA-EB-PL2,Audio Quality,Normal,Chat Frontline,A3007,1,,3324.0,WTY-BUYBACK,Y,"PRODUCT: PULSE 2 BUDS
ORDER: VR903670
PURCHASED: AUGUST 30
ISSUE: I HEAR MUSIC IN ONE EAR ONLY, OTHER IS MUTE
TRIED: TRIED DIFFERENT PHONE
EXPECTED: REFUND","rslvd on call.
both rfnd & rplc given as cx threatened social media.",helpdesk,False,1,3324.0,2025-12-19 08:09:00,2025-12-19 08:09:00,2025-12,2025Q4,False,Abhishek Gupta,Chat Frontline,1,VA-EB-PL2,Pulse 2 True Wireless Earbuds,earbuds,1480,3499,confirmed_flag,True,1820.0,5144.0,,,False,WTY-BUYBACK
TK-248352,2025-12-19 22:08:00,2025-12-19 22:08:00,2025-12-19 22:37:00,resolved,chat,C109405,VR889940,VA-HP-ST3,Audio Quality,Normal,Chat Frontline,A3002,0,,6999.0,GW-OTHER,N,"Hello Vireo, This is regarding Strata 3. Works for music but useless for meetings. I tried different apps. I watn a replacement.","cx: low mic pickup | tested on call with cx -> new unit shipped under doa.
amount returned to card; fresh unit shipped from blr warehouse. [closed]",helpdesk,False,1,6999.0,2025-12-19 22:37:00,2025-12-19 22:37:00,2025-12,2025Q4,False,Steven Ansari,Chat Frontline,1,VA-HP-ST3,Strata 3 Over-Ear Headphones,headphones,2650,6999,suspected_notes,True,2990.0,9989.0,WTY-BUYBACK,0.9111421773437098,True,WTY-BUYBACK
TK-248413,2025-12-22 05:51:00,2025-12-22 05:55:00,2025-12-25 06:20:00,resolved,chat,C103498,,VA-EB-PL2,Delivery & Shipping,Normal,Logistics,A3029,0,3.0,3499.0,DOA-REPL,Y,"not acceptable at this price. got pulse2 from amazon recently. my order has not been delivered yet. i already checked with neighbours. i want a replacement or refund, nothing else",refund initiated as lost in transit. issue: delivery delayed. raised ticket with courier partner. | refund done and new unit sent as one-time gesture. -RM,helpdesk,False,1,3499.0,2025-12-25 06:20:00,2025-12-25 06:20:00,2025-12,2025Q4,False,Rajat Mukherjee,Logistics,1,VA-EB-PL2,Pulse 2 True Wireless Earbuds,earbuds,1480,3499,confirmed_flag,True,1820.0,5319.0,,,False,DOA-REPL
TK-248519,2025-12-24 20:55:00,2025-12-24 20:58:00,2025-12-24 21:09:00,resolved,chat,C103672,,VA-SW-NX2,Other,Normal,Chat Frontline,A3008,1,3.0,6499.0,GW-OTHER,Y,"dear sir/madam,

i am writing with reference to my order of nexa 2 placed on 19-12-2025. order not delivered, tracking not updating. i have called the courier. i request you to kindly arrange a replacement.

sincerely,
meera ghosh
jaipur","cx reached out - ord not delivered. chk AWB w/ courier. rfnd initiated as lost in transit. -- Issued rfnd + rplc both, TL aware. //MEE",helpdesk,False,1,6499.0,2025-12-24 21:09:00,2025-12-24 21:09:00,2025-12,2025Q4,False,Meera Malhotra,Chat Frontline,1,VA-SW-NX2,Nexa 2 Smartwatch,watch,2450,6499,confirmed_flag,True,2790.0,9289.0,REVIEW (low confidence),0.3988878375095689,True,REVIEW (exceeds Rs 500 cap)
TK-248507,2025-12-24 18:11:00,2025-12-24 18:16:00,2025-12-24 18:54:00,resolved,chat,C101145,VR891628,VA-EB-PL2,Connectivity,Normal,Chat Frontline,A3009,0,4.0,2799.0,GW-OTHER,Y,it goes silent for a second every few minutes and comes back. vr891628. can someone fix this?,"1. BT dropouts
2. chk interference sources
3. rplc raised.
Sent a new unit & released the money as well, cx was in tears on call. //SUK",helpdesk,False,1,2799.0,2025-12-24 18:54:00,2025-12-24 18:54:00,2025-12,2025Q4,False,Sukhwinder Singh,Chat Frontline,1,VA-EB-PL2,Pulse 2 True Wireless Earbuds,earbuds,1480,3499,confirmed_flag,True,1820.0,4619.0,REVIEW (low confidence),0.593168321587962,True,REVIEW (exceeds Rs 500 cap)
TK-248560,2025-12-25 21:58:00,2025-12-26 01:34:00,2025-12-26 01:53:00,resolved,email,C109495,,VA-HP-ST3,Audio Quality,Normal,Email Frontline,A3002,0,3.0,6999.0,DOA-REPL,Y,"Dear Sir/Madam,

I am wriing with reference to my order of my Strata 3 headphones placed on 13 Jun. Everyone on my calls says I sound like I'm underwater. I have checked mic permissions. I requset you to provide a resoolution within 3 worknig days.

Yours faithfully,
Saanvi Malhotra
Mysuru",see prev. | refund processed to source; replacement unit also shipped. [closed],helpdesk,False,1,6999.0,2025-12-26 01:53:00,2025-12-26 01:53:00,2025-12,2025Q4,False,Steven Ansari,Chat Frontline,1,VA-HP-ST3,Strata 3 Over-Ear Headphones,headphones,2650,6999,confirmed_flag,True,2990.0,9989.0,,,False,DOA-REPL
TK-248705,2025-12-30 18:56:00,2025-12-30 19:02:00,2025-12-30 19:32:00,resolved,chat,C101864,,VA-EB-PL1,Delivery & Shipping,Normal,Logistics,A3030,0,,2499.0,GW-OTHER,N,"hi
the box says my pulse but what's inside is not what i paid for
my pulse","Contact re incorrect product shipped. Raised w/ warehouse. Replacement raised, RMA shared w/ cx. | Money back to source & a fresh pair shipped. //AIS",helpdesk,False,1,2499.0,2025-12-30 19:32:00,2025-12-30 19:32:00,2025-12,2025Q4,False,Aishwarya Trivedi,Logistics,1,VA-EB-PL1,Pulse True Wireless Earbuds,earbuds,1120,2499,suspected_notes,True,1460.0,3959.0,REVIEW (low confidence),0.4877064724344839,True,REVIEW (exceeds Rs 500 cap)
TK-248753,2026-01-01 08:07:00,2026-01-01 08:09:00,2026-01-01 08:34:00,resolved,chat,C103714,,VA-EB-PL2,Connectivity,Normal,Chat Frontline,A3011,0,,3499.0,GW-OTHER,N,IT CONNECTS FOR A SECOND & THEN VANISHES FROM THE DEVICE LIST,"Re-pair successful, rslvd on chat. Issue: device not discoverable. Walked through forget + re-pair. Sent a new unit & released the money as well, cx was in tears on call.",helpdesk,False,1,3499.0,2026-01-01 08:34:00,2026-01-01 08:34:00,2026-01,2026Q1,False,Rohit Gill,Chat Frontline,1,VA-EB-PL2,Pulse 2 True Wireless Earbuds,earbuds,1480,3499,suspected_notes,True,1820.0,5319.0,DOA-REPL,0.7120640574421901,True,DOA-REPL
TK-248743,2025-12-31 20:45:00,2025-12-31 20:58:00,2026-01-02 23:08:00,resolved,chat,C108706,VR894080,VA-EB-PL1,Connectivity,Normal,Chat Frontline,A3039,1,4.0,1999.0,DOA-REPL,N,"Hi, Order VR894080 (pulse 1). RANDOM DISCONNECTS DURING CALLS. Please call me on my registered number. Rgds Faisal","cx: intermittent disconnects | checked interference sources -> advised, cx will monitor | xfer escalations & warranty (sop 2.7) refund + rplc, cx escalation avoided. ~Reyansh",helpdesk,False,1,1999.0,2026-01-02 23:08:00,2026-01-02 23:08:00,2026-01,2026Q1,False,Reyansh Mishra,Escalations & Warranty,2,VA-EB-PL1,Pulse True Wireless Earbuds,earbuds,1120,2499,suspected_notes,True,1460.0,3459.0,,,False,DOA-REPL
TK-248762,2026-01-01 13:40:00,2026-01-01 13:50:00,2026-01-04 14:11:00,resolved,chat,C102034,,VA-EB-PL1,Delivery & Shipping,Normal,Logistics,A3028,0,,2499.0,GW-OTHER,Y,pathetic experience honestly. bought pulse earbuds around 27/12 from vireo.in. it has been 15 days and i have nothing in hand. i alrready checked with neighbours. fix this or i am posting on twitter.,"cx repported shipment not rcvd. conf address w/ cx. rto conf, reshipped. -- full rfnd issued and rplc dispatched as goodwill.",helpdesk,False,1,2499.0,2026-01-04 14:11:00,2026-01-04 14:11:00,2026-01,2026Q1,False,Sameer Kapoor,Logistics,1,VA-EB-PL1,Pulse True Wireless Earbuds,earbuds,1120,2499,confirmed_flag,True,1460.0,3959.0,REVIEW (low confidence),0.3360281877894281,True,REVIEW (exceeds Rs 500 cap)
TK-248839,2026-01-03 19:01:00,2026-01-03 20:22:00,2026-01-03 20:42:00,resolved,email,C101114,,VA-EB-PL2,Connectivity,Normal,Email Frontline,A3018,0,,3149.0,WTY-BUYBACK,Y,"hi vireo support, ordered the plse 2 earbuds in november. bluetooth pairing fails every time. please resolve asap.","re: pairing failure | checked phone os version -> re-pair successful, resolved on chat. | Amount returned to card; fresh unit shipped from BLR warehouse. ~Krishna",helpdesk,False,1,3149.0,2026-01-03 20:42:00,2026-01-03 20:42:00,2026-01,2026Q1,False,Krishna Bhatt,Email Frontline,1,VA-EB-PL2,Pulse 2 True Wireless Earbuds,earbuds,1480,3499,confirmed_flag,True,1820.0,4969.0,,,False,WTY-BUYBACK
TK-248859,2026-01-04 10:29:00,2026-01-04 15:14:00,2026-01-04 15:27:00,resolved,social,C104673,VR899705,VA-EB-PL2,Connectivity,Normal,Chat Frontline,A3009,0,2.0,2974.0,GW-OTHER,Y,Really frustrating. THIS IS REGARDING PULSE 2 BUDS. wors for music but useless for meetings. I already checked mic permissions. Escalate this to someone senior.,"Contact re low mic pickup. chk mic permissions on phone. rplc raised, RMA shared with cx. (SOP 3.1) -- Reversed the payment & dispatched a new one under RMA. //SUK",helpdesk,False,1,2974.0,2026-01-04 15:27:00,2026-01-04 15:27:00,2026-01,2026Q1,False,Sukhwinder Singh,Chat Frontline,1,VA-EB-PL2,Pulse 2 True Wireless Earbuds,earbuds,1480,3499,confirmed_flag,True,1820.0,4794.0,WTY-BUYBACK,0.7417695670939342,True,WTY-BUYBACK
TK-248926,2026-01-07 04:22:00,2026-01-07 07:18:00,2026-01-07 07:30:00,resolved,social,C102720,VR895953,VA-EB-PL1,Connectivity,Normal,Chat Frontline,A3013,0,,4998.0,WTY-BUYBACK,N,"Product: my Pulse
Order: VR895953
Purchased: November 17
Issue: keeps losing my phone if I walk to the other room
Tried: turned off wifi
Expected: callback","replacement raised. issue: intermittent disconnects. checked fw 3.4.6. refunded rs 4998 and also raised replacement, cx was very upset. ~Rohit",helpdesk,False,1,4998.0,2026-01-07 07:30:00,2026-01-07 07:30:00,2026-01,2026Q1,False,Rohit Nair,Chat Frontline,1,VA-EB-PL1,Pulse True Wireless Earbuds,earbuds,1120,2499,suspected_notes,True,1460.0,6458.0,,,False,WTY-BUYBACK
TK-248945,2026-01-07 14:01:00,2026-01-07 14:05:00,2026-01-07 14:33:00,resolved,chat,C101016,VR906555,VA-SW-NX1,Charging & Battery,Normal,Chat Frontline,A3009,0,,4249.0,GW-OTHER,N,"hello
batetry backup is terrible now
nexa watch
urent","1. Rapid battery drain
2. chk usage pattern with cx
3. rplc unit dispatched (SOP 3.1) Both refund and replacement given as cx threatened social media. //SUK",helpdesk,False,1,4249.0,2026-01-07 14:33:00,2026-01-07 14:33:00,2026-01,2026Q1,False,Sukhwinder Singh,Chat Frontline,1,VA-SW-NX1,Nexa Smartwatch,watch,1900,4999,suspected_notes,True,2240.0,6489.0,DOA-REPL,0.8988965430839607,True,DOA-REPL
TK-248974,2026-01-08 17:13:00,2026-01-08 22:46:00,2026-01-08 22:59:00,resolved,email,C107561,VR904464,VA-EB-PL2,Connectivity,Normal,Email Frontline,A3003,0,,3499.0,WTY-BUYBACK,Y,"hi
random disconnects during calls
help","1. Intermittent disconnects
2. Checked FW 2.5.6
3. Advised, cx will monitor (SOP 5.4) Issued refund + replacement both, TL aware. -KS",helpdesk,False,1,3499.0,2026-01-08 22:59:00,2026-01-08 22:59:00,2026-01,2026Q1,False,Komal Singh,Chat Frontline,1,VA-EB-PL2,Pulse 2 True Wireless Earbuds,earbuds,1480,3499,confirmed_flag,True,1820.0,5319.0,,,False,WTY-BUYBACK
TK-249106,2026-01-12 20:26:00,2026-01-12 20:27:00,2026-01-18 01:12:00,resolved,chat,C102497,VR901663,VA-NB-ARC,Warranty & Repair,Normal,Escalations & Warranty,A3042,0,,1169.0,DOA-REPL,N,"Product: my Arc
Order: VR901663
Purchased: October 07
Issue: I sent the unit in 10 days ago and have heard nothing
Tried: emailed twice
Expected: replacement","warranty claim status | chk qc report -> repair completed, shipped back.
rfnd processed to source; replacement unit also shipped.",helpdesk,False,1,1169.0,2026-01-18 01:12:00,2026-01-18 01:12:00,2026-01,2026Q1,False,Swati Bhatia,Escalations & Warranty,2,VA-NB-ARC,Arc Neckband,earbuds,540,1299,suspected_notes,True,880.0,2049.0,,,False,DOA-REPL
TK-249172,2026-01-14 21:41:00,2026-01-14 23:27:00,2026-01-19 23:53:00,closed,voice,C102871,,VA-EB-PL1,Delivery & Shipping,Low,Logistics,A3029,0,5.0,2499.0,GW-OTHER,Y,"hey
ordre status stck on shipped since 04-01-2026
my pulse","re-shipped from warehouse. issue: delivery delayed. raised ticket with courier partner. -- issued refund + replacement both, tl aware. -RM",helpdesk,False,1,2499.0,2026-01-19 23:53:00,2026-01-19 23:53:00,2026-01,2026Q1,False,Rajat Mukherjee,Logistics,1,VA-EB-PL1,Pulse True Wireless Earbuds,earbuds,1120,2499,confirmed_flag,True,1460.0,3959.0,REVIEW (low confidence),0.46776108036686787,True,REVIEW (exceeds Rs 500 cap)
TK-249161,2026-01-14 17:04:00,2026-01-14 19:35:00,2026-01-14 20:08:00,resolved,email,C103888,,VA-EB-PL1,Charging & Battery,Normal,Email Frontline,A3018,0,,1999.0,GW-OTHER,Y,Not acceptalbe at this price. Ordered my Pulse 3 weeks back. battery life has dropped to almost nothing. I already fully charged and discharged twice. This is the last tiem I buy from you,"cx: rapid battery drain | checked usage pattern with cx -> replacement raised after test.
Refund processed to source; replacement unit also shipped. ~Krishna",helpdesk,False,1,1999.0,2026-01-14 20:08:00,2026-01-14 20:08:00,2026-01,2026Q1,False,Krishna Bhatt,Email Frontline,1,VA-EB-PL1,Pulse True Wireless Earbuds,earbuds,1120,2499,confirmed_flag,True,1460.0,3459.0,DOA-REPL,0.9277252639568624,True,DOA-REPL
TK-249198,2026-01-15 23:40:00,2026-01-16 00:31:00,2026-01-16 00:47:00,resolved,email,C104009,VR895401,VA-EB-PL1,Delivery & Shipping,Normal,Logistics,A3027,0,4.0,2499.0,GW-OTHER,N,"Really frustrating. the Pulse bus purchased 3 weeks back, ordre VR895401. screen has a crack before I evne switched it on. I already tok photos. This is the lsat time I buy from you.","1. Transit damage
2. chk w/ crr for damage claim
3. Replacement raised, RMA shared w/ cx. Amount returned to card; fresh unit shipped from BLR warehouse.",helpdesk,False,1,2499.0,2026-01-16 00:47:00,2026-01-16 00:47:00,2026-01,2026Q1,False,Priya Agarwal,Logistics,1,VA-EB-PL1,Pulse True Wireless Earbuds,earbuds,1120,2499,suspected_notes,True,1460.0,3959.0,DOA-REPL,0.8756057216170114,True,DOA-REPL
TK-249195,2026-01-15 17:59:00,2026-01-15 19:19:00,2026-01-15 19:41:00,resolved,social,C101740,VR890649,VA-SP-ORB,Delivery & Shipping,Low,Logistics,A3030,0,,5399.0,GW-OTHER,Y,"the parcel looked like it was kicked here from the warehouse, and the unit has a crack - VR890649 - kindly look into it","Cx says transit damage. chk with courier for damage claim. Replacement unit dispatched.
Both refund and replacement given as cx threatened social media. //AIS",helpdesk,False,1,5399.0,2026-01-15 19:41:00,2026-01-15 19:41:00,2026-01,2026Q1,False,Aishwarya Trivedi,Logistics,1,VA-SP-ORB,Orbit Smart Speaker,speaker,2300,5999,confirmed_flag,True,2640.0,8039.0,DOA-REPL,0.9499006001600965,True,DOA-REPL
TK-249324,2026-01-20 13:27:00,2026-01-20 14:50:00,2026-01-20 15:27:00,resolved,voice,C103408,VR903336,VA-SW-FIT,Connectivity,Normal,Voice Frontline,A3021,1,,1699.0,GW-OTHER,N,"helo
cannot pair nexa fit with my laptop
nexa fit","cx: pairing failure | asked cx to reset the device -> re-pair successful, rslvd on chat | xfer email frontline. Processed FR & raised RMA for new set. ~Meera",helpdesk,False,1,1699.0,2026-01-20 15:27:00,2026-01-20 15:27:00,2026-01,2026Q1,False,Meera Mathew,Email Frontline,1,VA-SW-FIT,Nexa Fit Band,watch,850,1999,suspected_notes,True,1190.0,2889.0,DOA-REPL,0.8422726494550109,True,DOA-REPL
TK-249329,2026-01-20 15:36:00,2026-01-20 17:17:00,2026-01-22 17:46:00,resolved,social,C102340,,VA-EB-PL2,Other,Normal,Chat Frontline,A3004,0,3.0,2799.0,GW-OTHER,Y,"hi
tracking has sadi out for delivery for a week now","cx ok. issued refund + replacement both, tl aware.",helpdesk,False,1,2799.0,2026-01-22 17:46:00,2026-01-22 17:46:00,2026-01,2026Q1,False,Geeta Dutta,Chat Frontline,1,VA-EB-PL2,Pulse 2 True Wireless Earbuds,earbuds,1480,3499,confirmed_flag,True,1820.0,4619.0,REVIEW (low confidence),0.5154237619823802,True,REVIEW (exceeds Rs 500 cap)
TK-249358,2026-01-21 20:39:00,2026-01-21 20:54:00,2026-01-21 21:31:00,resolved,chat,C103582,VR899322,VA-EB-PL1,Other,High,Chat Frontline,A3005,0,,1999.0,DOA-REPL,Y,"dear sir/madam,
ordered pulse 1 around diwali. keeps losing my phone if i walk to the other room.
please help.
please revert, harsh","issue: connection dropping | chk fw 2.6.0 -> replacement raised.
Sent a new unit & released the money as well, cx was in tears on call.",helpdesk,False,1,1999.0,2026-01-21 21:31:00,2026-01-21 21:31:00,2026-01,2026Q1,False,Payal Bhatia,Chat Frontline,1,VA-EB-PL1,Pulse True Wireless Earbuds,earbuds,1120,2499,confirmed_flag,True,1460.0,3459.0,,,False,DOA-REPL
TK-249353,2026-01-21 18:40:00,2026-01-21 19:31:00,2026-01-21 20:00:00,resolved,email,C101236,VR881902,VA-EB-PL2,Audio Quality,Normal,Email Frontline,A3018,0,,3499.0,GW-OTHER,Y,"Product: Pulse 2
Order: VR881902
Purchased: October 23
Issue: buzzing sound from the speaker
Tried: tied different apps
Expected: resolution","crackling/distortion | asked for a recording -> replacement raised, rma shared with cx.
Cx got the amount back, also sending a new set to keep him happy. ~Krishna",helpdesk,False,1,3499.0,2026-01-21 20:00:00,2026-01-21 20:00:00,2026-01,2026Q1,False,Krishna Bhatt,Email Frontline,1,VA-EB-PL2,Pulse 2 True Wireless Earbuds,earbuds,1480,3499,confirmed_flag,True,1820.0,5319.0,DOA-REPL,0.7260654952276224,True,DOA-REPL
TK-249351,2026-01-21 16:18:00,2026-01-21 16:30:00,2026-01-21 17:03:00,resolved,chat,C107212,VR886911,VA-EB-PL2,Charging & Battery,Normal,Chat Frontline,A3008,0,3.0,3149.0,WTY-BUYBACK,N,"helo
right side works perfectly, left one just does not wake up","rplc raised for the bud. Issue: L bud no charge in case. Asked cx to clean charging pins. | Sent a new unit & released the money as well, cx was in tears on call. //MEE",helpdesk,False,1,3149.0,2026-01-21 17:03:00,2026-01-21 17:03:00,2026-01,2026Q1,False,Meera Malhotra,Chat Frontline,1,VA-EB-PL2,Pulse 2 True Wireless Earbuds,earbuds,1480,3499,suspected_notes,True,1820.0,4969.0,,,False,WTY-BUYBACK
TK-249427,2026-01-23 15:35:00,2026-01-23 15:36:00,2026-01-23 15:59:00,resolved,chat,C103667,VR905641,VA-EB-PL2,Charging & Battery,Normal,Chat Frontline,A3012,0,,3149.0,GW-OTHER,N,honestly regretting this purchase. this is regarding pulse2. left side not charging in the case. i alreday tried a different cable. refund. now.,cx states l bud no charge in case. asked cx to clean charging pins. escalated to warranty for inspection. -- both refund & replacement given as cx threatened social media.,helpdesk,False,1,3149.0,2026-01-23 15:59:00,2026-01-23 15:59:00,2026-01,2026Q1,False,Lakshmi Srivastava,Chat Frontline,1,VA-EB-PL2,Pulse 2 True Wireless Earbuds,earbuds,1480,3499,suspected_notes,True,1820.0,4969.0,DOA-REPL,0.6246776580923653,True,DOA-REPL
TK-249441,2026-01-23 22:40:00,2026-01-24 01:58:00,2026-01-24 02:17:00,resolved,email,C106218,VR904979,VA-SW-NX2,Charging & Battery,Normal,Email Frontline,A3001,0,,5524.0,DOA-REPL,Y,"battery draining even when not in use, vr904979","battery draining fast | checked usage pattern with cx -> replacement approved, reverse pickup arranged. -- sent a new unit and released the money as well, cx was in tears on call. ~Suresh",helpdesk,False,1,5524.0,2026-01-24 02:17:00,2026-01-24 02:17:00,2026-01,2026Q1,False,Suresh Kaur,Chat Frontline,1,VA-SW-NX2,Nexa 2 Smartwatch,watch,2450,6499,confirmed_flag,True,2790.0,8314.0,,,False,DOA-REPL
TK-249591,2026-01-28 10:23:00,2026-01-28 10:32:00,2026-01-28 11:03:00,resolved,chat,C101017,VR907951,VA-HP-ST3,Connectivity,Low,Chat Frontline,A3011,0,,6299.0,GW-OTHER,N,"everyone on my calls says I sound like I'm underwater, VR907951",FW update adv. Issue: mic not working on calls. chk mic permissions on phone. rfnd done & new unit sent as one-time gesture.,helpdesk,False,1,6299.0,2026-01-28 11:03:00,2026-01-28 11:03:00,2026-01,2026Q1,False,Rohit Gill,Chat Frontline,1,VA-HP-ST3,Strata 3 Over-Ear Headphones,headphones,2650,6999,suspected_notes,True,2990.0,9289.0,WTY-BUYBACK,0.7026969638260094,True,WTY-BUYBACK
TK-254521,2026-06-30 12:45:00,2026-06-30 12:46:00,2026-06-30 13:03:00,resolved,chat,C107516,VR905218,VA-EB-PL1,Charging & Battery,Normal,Chat Frontline,A3006,0,5.0,2124.0,GW-OTHER,Y,"Dear Sir/Madam,

I am writing with reference to my order of the Pulse buds (VR905218) placed on 05 Jun. No light comes on the case when I plug it in. I have tried 3 different cables. I request you to provide a resolution within 3 working days.

Sincerely,
Riya George
Surat","advised port cleaning, resolved. issue: case not charging. checked for lint in port. amount returned to card; fresh unit shipped from blr warehouse. -VB",helpdesk,False,1,2124.0,2026-06-30 13:03:00,2026-06-30 13:03:00,2026-06,2026Q2,False,Varun Bhatt,Chat Frontline,1,VA-EB-PL1,Pulse True Wireless Earbuds,earbuds,1120,2499,confirmed_flag,True,1460.0,3584.0,REVIEW (low confidence),0.5807776605485113,True,REVIEW (exceeds Rs 500 cap)
TK-240050,2025-01-04 23:36:00,2025-01-04 23:59:00,2025-01-06 00:23:00,resolved,chat,C102579,VR890106,VA-EB-AIR,Returns & Refunds,Normal,Returns Desk,A3031,1,3.0,179900.0,DOA-REPL,Y,"product: airlite earbuds
order: vr890106
purchased: december 27
issue: still waiting for my refund
tried: checked bank
expected: callback",issue: refund pending | checked reverse pickup qc status -> arn shared with cx | xfer logistics. | Full refund issued and replacement dispatched as goodwill.,legacy_fd,True,0,1799.0,2025-01-06 05:53:00,2025-01-06 05:53:00,2025-01,2025Q1,False,Zaid Desai,Logistics,1,VA-EB-AIR,AirLite Earbuds,earbuds,760,1799,confirmed_flag,True,1100.0,2899.0,,,False,DOA-REPL
TK-244754,2025-09-10 22:22:00,2025-09-10 22:26:00,2025-09-15 22:49:00,resolved,chat,C108256,VR892934,VA-EB-PL1,Delivery & Shipping,Normal,Logistics,A3031,0,,224900.0,WTY-BUYBACK,N,"hello
received the wrnog item
pulse 1
??","Replacement approved, reverse pickup arranged. Issue: wrong item delivered. Verified order vs delivered item photos. | refund + rplc, cx escalation avoided.",legacy_fd,True,0,2249.0,2025-09-16 04:19:00,2025-09-16 04:19:00,2025-09,2025Q3,False,Zaid Desai,Logistics,1,VA-EB-PL1,Pulse True Wireless Earbuds,earbuds,1120,2499,suspected_notes,True,1460.0,3709.0,,,False,WTY-BUYBACK
TK-244622,2025-09-06 20:42:00,2025-09-06 21:40:00,2025-09-06 22:09:00,resolved,social,C105565,,VA-NB-ARC,Connectivity,Normal,Chat Frontline,A3009,0,3.0,123400.0,GW-OTHER,N,bluetooth keeps cutting out,"Customer states connection dropping. Checked interference sources. rplc raised. | Cx got the amount back, also sending a new set to keep him happy. //SUK",legacy_fd,True,0,1234.0,2025-09-07 03:39:00,2025-09-07 03:39:00,2025-09,2025Q3,False,Sukhwinder Singh,Chat Frontline,1,VA-NB-ARC,Arc Neckband,earbuds,540,1299,suspected_notes,True,880.0,2114.0,DOA-REPL,0.8167008236557994,True,DOA-REPL
TK-244644,2025-09-07 15:14:00,2025-09-07 15:23:00,2025-09-09 15:50:00,resolved,chat,C105100,VR899211,VA-SW-NX2,Delivery & Shipping,Low,Logistics,A3030,0,,649900.0,WTY-BUYBACK,N,received teh wrong item - how do i get this fixed?,"Contact re incorrect product shipped. Raised with warehouse. rfnd issued, cx did not want replacement.
Refund processed to source; replacement unit also shipped. //AIS",legacy_fd,True,0,6499.0,2025-09-09 21:20:00,2025-09-09 21:20:00,2025-09,2025Q3,False,Aishwarya Trivedi,Logistics,1,VA-SW-NX2,Nexa 2 Smartwatch,watch,2450,6499,suspected_notes,True,2790.0,9289.0,,,False,WTY-BUYBACK
TK-244578,2025-09-05 10:52:00,2025-09-05 11:05:00,2025-09-10 11:26:00,resolved,chat,C106343,,VA-EB-PL2,Other,Normal,Chat Frontline,A3010,0,,297400.0,DOA-REPL,Y,the courier marked it delivered but nobody in my house got anything,"cx: order not delivered | raised ticket with courier partner -> courier conf delivery for 07 sep, cx informed. | Credited full amount, new unit also going out tomorrow. ~Tenzin",legacy_fd,True,0,2974.0,2025-09-10 16:56:00,2025-09-10 16:56:00,2025-09,2025Q3,False,Tenzin Mathew,Chat Frontline,1,VA-EB-PL2,Pulse 2 True Wireless Earbuds,earbuds,1480,3499,confirmed_flag,True,1820.0,4794.0,,,False,DOA-REPL
TK-244573,2025-09-05 08:44:00,2025-09-05 09:08:00,2025-09-05 09:34:00,resolved,voice,C107938,,VA-EB-AIR,Charging & Battery,Low,Voice Frontline,A3025,0,3.0,152900.0,GW-OTHER,N,"[IVR transcript] the promised 45 hours is nowhere close, I get maybe 2 waiting for ur reply","adv settings change, cx satisfied. issue: poor battery backup. adv disabling anc/aod to test. | both refund & rplc given as cx threatened social media. //KOM",legacy_fd,True,0,1529.0,2025-09-05 15:04:00,2025-09-05 15:04:00,2025-09,2025Q3,False,Komal Malhotra,Voice Frontline,1,VA-EB-AIR,AirLite Earbuds,earbuds,760,1799,suspected_notes,True,1100.0,2629.0,WTY-BUYBACK,0.755674204706559,True,WTY-BUYBACK
TK-244515,2025-09-02 17:09:00,2025-09-02 17:11:00,2025-09-02 17:43:00,resolved,chat,C104514,VR882896,VA-EB-AIR,Charging & Battery,Low,Chat Frontline,A3015,0,4.0,170900.0,GW-OTHER,Y,"to the vireo customer care team,

i am writing with reference to my order of the airlite buds (vr882896) placed on 01-08-2025. the charging case is not charging. i have charged for 6 hours nothing. i request you to process a refund to my original payment method.

yours faithfully,
saanvi george
vadodara",rplc case raised. Issue: charging case dead. conf case LED dead. -- Amount returned to card; fresh unit shipped from BLR warehouse. [closed],legacy_fd,True,0,1709.0,2025-09-02 23:13:00,2025-09-02 23:13:00,2025-09,2025Q3,False,Sameer Jadhav,Chat Frontline,1,VA-EB-AIR,AirLite Earbuds,earbuds,760,1799,confirmed_flag,True,1100.0,2809.0,REVIEW (low confidence),0.4550623268062016,True,REVIEW (exceeds Rs 500 cap)
TK-244500,2025-09-02 10:17:00,2025-09-02 10:23:00,2025-09-02 10:49:00,resolved,chat,C107744,VR882499,VA-EB-PL2,Delivery & Shipping,Normal,Logistics,A3027,0,3.0,297400.0,DOA-REPL,Y,"dear sir/madam,

i am writing with reference to my order of plse 2 buds (vr882499) placed on 22-08-2025. screen has a crack before i even switched it on. i have refused nothiing as i didn't notice till later. i request you to process a refund to my original payment method.

sincerely,
isha menon
mumbai","1. Transit damage
2. Photos rcvd, damage confirmed
3. Replacement raised, RMA shared w/ cx. -- Money back to source and a fresh pair shipped.",legacy_fd,True,0,2974.0,2025-09-02 16:19:00,2025-09-02 16:19:00,2025-09,2025Q3,False,Priya Agarwal,Logistics,1,VA-EB-PL2,Pulse 2 True Wireless Earbuds,earbuds,1480,3499,confirmed_flag,True,1820.0,4794.0,,,False,DOA-REPL
TK-244392,2025-08-29 11:25:00,2025-08-29 11:28:00,2025-08-29 11:52:00,resolved,chat,C104376,VR898859,VA-EB-PL2,Charging & Battery,Normal,Chat Frontline,A3010,0,,314900.0,GW-OTHER,Y,"hey, pulse 2 purchased last week, order vr898859. the charging case is not charging. i tried wireless charging pad. please resolve asap. please revert varun","re: charging case dead | confirmed case led daed -> rplc case raised.
Full refund issued and replacement dispatched as goodwill. ~Tenzin",legacy_fd,True,0,3149.0,2025-08-29 17:22:00,2025-08-29 17:22:00,2025-08,2025Q3,False,Tenzin Mathew,Chat Frontline,1,VA-EB-PL2,Pulse 2 True Wireless Earbuds,earbuds,1480,3499,confirmed_flag,True,1820.0,4969.0,DOA-REPL,0.77264714133619,True,DOA-REPL
TK-244379,2025-08-28 15:58:00,2025-08-28 17:02:00,2025-08-31 17:58:00,resolved,email,C104212,VR902690,VA-SW-FIT,Warranty & Repair,Normal,Escalations & Warranty,A3040,0,3.0,199900.0,DOA-REPL,N,"hi
touch screen not responding
the fit band","cx: touch issue | checked fw verion -> replacement raised. | Issued refund + replacement both, TL aware.",legacy_fd,True,0,1999.0,2025-08-31 23:28:00,2025-08-31 23:28:00,2025-08,2025Q3,False,Thomas Jadhav,Escalations & Warranty,2,VA-SW-FIT,Nexa Fit Band,watch,850,1999,suspected_notes,True,1190.0,3189.0,,,False,DOA-REPL
TK-244243,2025-08-21 21:29:00,2025-08-21 21:31:00,2025-08-23 03:27:00,resolved,chat,C104301,VR882908,VA-EB-PL1,Warranty & Repair,Low,Escalations & Warranty,A3041,0,,249900.0,WTY-BUYBACK,N,"hello, order vr882908 (the pulse buds). no update on my repair. please advise.","1. Repair status follow-up
2. Checked RMA status
3. Repair completed, shipped back. -- Money back to source & a fresh pair shipped.",legacy_fd,True,0,2499.0,2025-08-23 08:57:00,2025-08-23 08:57:00,2025-08,2025Q3,False,Mohammed Mehta,Escalations & Warranty,2,VA-EB-PL1,Pulse True Wireless Earbuds,earbuds,1120,2499,suspected_notes,True,1460.0,3959.0,,,False,WTY-BUYBACK
TK-244190,2025-08-19 17:38:00,2025-08-19 17:44:00,2025-08-24 17:57:00,closed,chat,C104758,VR902737,VA-SW-NX2,Delivery & Shipping,High,Logistics,A3030,0,,649900.0,DOA-REPL,Y,"Hello Vireo, This is regarding the Nexa 2. Received damaged product. I refused nothing as I didn't notice till later. I have been a loyal customer and this is how you treat me. Need this sorted this week. Regards","Replacement approved, reverse pickup arranged. Issue: transit damage. Photos rcvd, damage confirmed. Processed FR & raised RMA for new set. //AIS",legacy_fd,True,0,6499.0,2025-08-24 23:27:00,2025-08-24 23:27:00,2025-08,2025Q3,False,Aishwarya Trivedi,Logistics,1,VA-SW-NX2,Nexa 2 Smartwatch,watch,2450,6499,confirmed_flag,True,2790.0,9289.0,,,False,DOA-REPL
TK-244185,2025-08-19 14:58:00,2025-08-19 15:48:00,2025-08-22 16:20:00,resolved,social,C104511,VR895804,VA-EB-PL2,Returns & Refunds,Normal,Returns Desk,A3036,0,3.0,349900.0,WTY-BUYBACK,Y,"hi sir
the return was accepted but the amount is nowhere in my account
please jaldi
my pulse 2 VR895804","Customer reached out - rfnd delay. Checked rfnd status on PG. rfnd of Rs 3499 initiated to source. Will monitor. -- Issued rfnd + replacement both, TL aware.",legacy_fd,True,0,3499.0,2025-08-22 21:50:00,2025-08-22 21:50:00,2025-08,2025Q3,False,Ritika D'Souza,Returns Desk,1,VA-EB-PL2,Pulse 2 True Wireless Earbuds,earbuds,1480,3499,confirmed_flag,True,1820.0,5319.0,,,False,WTY-BUYBACK
TK-244095,2025-08-15 18:01:00,2025-08-15 18:34:00,2025-08-15 18:59:00,resolved,chat,C105269,VR894470,VA-HP-ST3,Other,Normal,Chat Frontline,A3014,0,2.0,559900.0,GW-OTHER,N,"Namaste, Bought the strata 3 aound 13-07-2025 from Amazon.  Microphone is very low on the the strata 3. I chekced mic permissions. Nothing changed. Please call me on my registered number. Regards","Permissions fixed, rslvd. Issue: low mic pkp. Tested on call w/ cx. -- Credited full amount, new unit also going out tomorrow. -AD",legacy_fd,True,0,5599.0,2025-08-16 00:29:00,2025-08-16 00:29:00,2025-08,2025Q3,False,Anjali D'Souza,Chat Frontline,1,VA-HP-ST3,Strata 3 Over-Ear Headphones,headphones,2650,6999,suspected_notes,True,2990.0,8589.0,DOA-REPL,0.7979015682215059,True,DOA-REPL
TK-244000,2025-08-11 13:35:00,2025-08-11 13:36:00,2025-08-13 13:57:00,resolved,chat,C106593,,VA-EB-AIR,Returns & Refunds,Normal,Returns Desk,A3038,0,,161900.0,GW-OTHER,N,"bhai
still waiting for my refund
abhi tak kuch nahi hua
pls reply","1. Refund pending
2. chk refund status on PG
3. Refunded Rs 1619. Refund done and new unit sent as one-time gesture.",legacy_fd,True,0,1619.0,2025-08-13 19:27:00,2025-08-13 19:27:00,2025-08,2025Q3,False,Ankit Dhillon,Returns Desk,1,VA-EB-AIR,AirLite Earbuds,earbuds,760,1799,suspected_notes,True,1100.0,2719.0,REVIEW (low confidence),0.5786317298048582,True,REVIEW (exceeds Rs 500 cap)
TK-243961,2025-08-09 22:26:00,2025-08-09 22:28:00,2025-08-09 23:02:00,resolved,chat,C105625,,VA-EB-AIR,Charging & Battery,Normal,Chat Frontline,A3017,0,,161900.0,GW-OTHER,Y,"Honestly regretting this purchase. Ordered AirLite 2 weeks ago. the L bud is basically a paperweight now, R is fine. I already tried another charger. I want a replacement or refund, nothing else.","ticket raised for left bud not charging. chk case led behaviour w/ cx. rplc approved, reverse pkp arranged. -- full rfnd issued & replacement dispatched as goodwill. -KS",legacy_fd,True,0,1619.0,2025-08-10 04:32:00,2025-08-10 04:32:00,2025-08,2025Q3,False,Kabir Singh,Email Frontline,1,VA-EB-AIR,AirLite Earbuds,earbuds,760,1799,confirmed_flag,True,1100.0,2719.0,DOA-REPL,0.7461449006043974,True,DOA-REPL
TK-243993,2025-08-11 09:42:00,2025-08-11 09:56:00,2025-08-11 10:33:00,resolved,chat,C103810,,VA-EB-AIR,Audio Quality,Normal,Chat Frontline,A3007,0,,143900.0,DOA-REPL,Y,"namaste, bought airlite around 03/04 from vireo.in. buzzing sound from the speaker. waiting for your reply. thanks in advance rohan banerjee","closed.
issued rfnd + rplc both, tl aware.",legacy_fd,True,0,1439.0,2025-08-11 16:03:00,2025-08-11 16:03:00,2025-08,2025Q3,False,Abhishek Gupta,Chat Frontline,1,VA-EB-AIR,AirLite Earbuds,earbuds,760,1799,confirmed_flag,True,1100.0,2539.0,,,False,DOA-REPL
TK-243814,2025-08-04 09:08:00,2025-08-04 09:09:00,2025-08-04 09:42:00,resolved,chat,C107439,VR880419,VA-SW-NX2,Connectivity,Normal,Chat Frontline,A3007,0,,649900.0,GW-OTHER,Y,"Got my Nexa 2 watch from vireo.in a month ago.  It connects for a second & then vanishes from the device list. I restarted the phone. Please advise. Please revert,","adv fw update via app, rslvd. | reversed the payment & dispatched a new one under rma.",legacy_fd,True,0,6499.0,2025-08-04 15:12:00,2025-08-04 15:12:00,2025-08,2025Q3,False,Abhishek Gupta,Chat Frontline,1,VA-SW-NX2,Nexa 2 Smartwatch,watch,2450,6499,confirmed_flag,True,2790.0,9289.0,DOA-REPL,0.6741748289288796,True,DOA-REPL
TK-243800,2025-08-03 15:41:00,2025-08-03 15:43:00,2025-08-04 16:02:00,resolved,chat,C100895,,VA-EB-PL2,Delivery & Shipping,Normal,Logistics,A3030,0,4.0,332400.0,WTY-BUYBACK,Y,"Namaste, Got pulse 2 buds from Flipkart last week. Tracking has said out for delivery for a week now. I checked the tracking page daily. Nothing changed. Please resolve asap. Awaiting response,","Customer states order not delivered. Confirmed address w/ cx. Courier confirmed delivery for 07 Aug, cx informed. -- Refund processed to source; replacement unit also shipped. //AIS",legacy_fd,True,0,3324.0,2025-08-04 21:32:00,2025-08-04 21:32:00,2025-08,2025Q3,False,Aishwarya Trivedi,Logistics,1,VA-EB-PL2,Pulse 2 True Wireless Earbuds,earbuds,1480,3499,confirmed_flag,True,1820.0,5144.0,,,False,WTY-BUYBACK
TK-243710,2025-07-31 08:08:00,2025-07-31 08:12:00,2025-07-31 08:36:00,resolved,chat,C100429,,VA-HP-ST2,Charging & Battery,Normal,Chat Frontline,A3010,0,,449900.0,DOA-REPL,Y,"hello vireo, i bought strata 2 on 12 aug. battery draining even when not in use. please resolve asap. please revert swati gupta","poor battery backup | chk usage pattern with cx -> escalated to wty. Credited full amount, new unit also going out tomorrow. ~Tenzin",legacy_fd,True,0,4499.0,2025-07-31 14:06:00,2025-07-31 14:06:00,2025-07,2025Q3,False,Tenzin Mathew,Chat Frontline,1,VA-HP-ST2,Strata 2 Over-Ear Headphones,headphones,2100,4999,confirmed_flag,True,2440.0,6939.0,,,False,DOA-REPL
TK-243501,2025-07-23 16:52:00,2025-07-23 17:36:00,2025-07-26 18:06:00,resolved,voice,C107915,VR880989,VA-AC-CH65,Returns & Refunds,Normal,Returns Desk,A3036,0,,254800.0,GW-OTHER,N,[IVR transcript] I hvae been sitting at home for 3 daays waiting for your courier,"Cx repored pickup missed. Checked pickup AWB. Pickup done, refund initiated. Will monitor. (SOP 4.2)
Processed FR and raised RMA for new set.",legacy_fd,True,0,2548.0,2025-07-26 23:36:00,2025-07-26 23:36:00,2025-07,2025Q3,False,Ritika D'Souza,Returns Desk,1,VA-AC-CH65,65W GaN Charger,accessory,610,1499,suspected_notes,True,950.0,3498.0,REVIEW (low confidence),0.46950733031397535,True,REVIEW (exceeds Rs 500 cap)
TK-243402,2025-07-19 11:11:00,2025-07-19 11:39:00,2025-07-21 12:04:00,resolved,voice,C108301,VR884737,VA-EB-AIR,Delivery & Shipping,Low,Logistics,A3027,0,3.0,170900.0,GW-OTHER,Y,"[IVR transcript] NOT ACCEPTABLE AT THIS PRICE.  This is regarding AirLite. paid on 17/07, still waiting for something to show up. I already called the courier. Refund. Now.","1. ord not delivered
2. Raised ticket with couriier partner
3. Re-shipped from warehouse. Credited full amount, new unit also going out tomorrow.",legacy_fd,True,0,1709.0,2025-07-21 17:34:00,2025-07-21 17:34:00,2025-07,2025Q3,False,Priya Agarwal,Logistics,1,VA-EB-AIR,AirLite Earbuds,earbuds,760,1799,confirmed_flag,True,1100.0,2809.0,REVIEW (low confidence),0.4585057213720958,True,REVIEW (exceeds Rs 500 cap)
TK-243408,2025-07-19 13:12:00,2025-07-19 13:18:00,2025-07-19 13:52:00,resolved,chat,C107861,,VA-EB-AIR,Connectivity,Low,Chat Frontline,A3013,0,3.0,170900.0,GW-OTHER,N,"Hi there, Thsi is regarding AirLite. Bluetooth pairing fails every time. I want a replacement. Regards, Megha Pillai","re-pair successful, resovled on chat. issue: unable to pair with phone. walked through forget + re-pair. refund + rplc, cx escalation avoided. ~Rohit",legacy_fd,True,0,1709.0,2025-07-19 19:22:00,2025-07-19 19:22:00,2025-07,2025Q3,False,Rohit Nair,Chat Frontline,1,VA-EB-AIR,AirLite Earbuds,earbuds,760,1799,suspected_notes,True,1100.0,2809.0,REVIEW (low confidence),0.5335198610751929,True,REVIEW (exceeds Rs 500 cap)
TK-243366,2025-07-17 04:51:00,2025-07-17 05:31:00,2025-07-17 05:57:00,resolved,social,C101721,VR903943,VA-EB-PL1,Charging & Battery,Normal,Chat Frontline,A3017,0,,237400.0,WTY-BUYBACK,Y,goes from full to empty during one commute - vr903943 - can someone fix this?,cx says rapid battery drain. chk usage pattern w/ cx. rplc raised after test. -- reversed the payment & dispatched a new one under rma. -KS,legacy_fd,True,0,2374.0,2025-07-17 11:27:00,2025-07-17 11:27:00,2025-07,2025Q3,False,Kabir Singh,Email Frontline,1,VA-EB-PL1,Pulse True Wireless Earbuds,earbuds,1120,2499,confirmed_flag,True,1460.0,3834.0,,,False,WTY-BUYBACK
TK-243305,2025-07-13 19:00:00,2025-07-14 00:11:00,2025-07-14 00:26:00,resolved,social,C106626,VR901307,VA-EB-PL1,Delivery & Shipping,Normal,Logistics,A3028,0,,249900.0,GW-OTHER,N,"hey,
got my pulse from flipkart around diwali.  the courier marked it delivered but nobody in my house got anything.
i called the courier. nothing changed.
i want my money back.
awaiting response,","ticket raised for shipment not rcvd. chk awb w/ crr. re-shipped from warehouse. credited full amount, new unit also going out tomorrow.",legacy_fd,True,0,2499.0,2025-07-14 05:56:00,2025-07-14 05:56:00,2025-07,2025Q3,False,Sameer Kapoor,Logistics,1,VA-EB-PL1,Pulse True Wireless Earbuds,earbuds,1120,2499,suspected_notes,True,1460.0,3959.0,REVIEW (low confidence),0.5633179218406289,True,REVIEW (exceeds Rs 500 cap)
TK-243210,2025-07-07 19:38:00,2025-07-07 20:13:00,2025-07-08 20:41:00,resolved,chat,C108634,VR890279,VA-EB-PL1,Delivery & Shipping,Normal,Logistics,A3030,0,,249900.0,GW-OTHER,Y,I haven't received my order - VR890279 - can someone fix this?,"Ticket raised for ord not delivered. conf address w/ cx. rfnd initiated as lost in transit. Issued refund + replacement both, TL aware. //AIS",legacy_fd,True,0,2499.0,2025-07-09 02:11:00,2025-07-09 02:11:00,2025-07,2025Q3,False,Aishwarya Trivedi,Logistics,1,VA-EB-PL1,Pulse True Wireless Earbuds,earbuds,1120,2499,confirmed_flag,True,1460.0,3959.0,WTY-BUYBACK,0.7058437551011562,True,WTY-BUYBACK
TK-243098,2025-07-03 00:38:00,2025-07-03 01:16:00,2025-07-08 07:45:00,resolved,email,C107023,,VA-EB-PL1,Warranty & Repair,High,Escalations & Warranty,A3039,0,,249900.0,GW-OTHER,Y,"Dear Sir/Madam,

I am writing with reference to my order of pulse 1 placed on 23/05. Claim number RMA55408, anyone alive there?. I have called sevrice centre. I request you to kindly arrange a replacement.

Regards,
Divya Das
Mysuru","warranty claim status | checked qc report -> new unit shipped under doa (sop 5.4) refund + rplc, cx escalation avoided. ~Reyansh",legacy_fd,True,0,2499.0,2025-07-08 13:15:00,2025-07-08 13:15:00,2025-07,2025Q3,False,Reyansh Mishra,Escalations & Warranty,2,VA-EB-PL1,Pulse True Wireless Earbuds,earbuds,1120,2499,confirmed_flag,True,1460.0,3959.0,WTY-BUYBACK,0.7173230430985256,True,WTY-BUYBACK
TK-243085,2025-07-02 11:52:00,2025-07-02 14:26:00,2025-07-05 14:52:00,resolved,email,C100646,,VA-NB-ARC,Delivery & Shipping,Normal,Logistics,A3030,0,,110400.0,WTY-BUYBACK,Y,"Dear team, This is regarding the neckband. Package not delivered even after 5 days. I checked the tracking page daily. Waiting for your reply. Thanks Diya Bhatt","cx ok.
Credited full amount, new unit also going out tomorrow. //AIS",legacy_fd,True,0,1104.0,2025-07-05 20:22:00,2025-07-05 20:22:00,2025-07,2025Q3,False,Aishwarya Trivedi,Logistics,1,VA-NB-ARC,Arc Neckband,earbuds,540,1299,confirmed_flag,True,880.0,1984.0,,,False,WTY-BUYBACK
TK-242985,2025-06-26 21:47:00,2025-06-27 00:12:00,2025-06-27 00:32:00,resolved,email,C109453,VR901741,VA-HP-ST3,Connectivity,Normal,Email Frontline,A3017,0,4.0,699900.0,GW-OTHER,Y,I bought Strata 3 on 08 Feb. Not pairing w/ my phone. I tried on another phone. Can someone fix this? Thnaks Manish,"cx reported device not discoverable. chk phone os version. adv fw update via app, rslvd.
rfnd done & new unit sent as one-time gesture. -KS",legacy_fd,True,0,6999.0,2025-06-27 06:02:00,2025-06-27 06:02:00,2025-06,2025Q2,False,Kabir Singh,Email Frontline,1,VA-HP-ST3,Strata 3 Over-Ear Headphones,headphones,2650,6999,confirmed_flag,True,2990.0,9989.0,WTY-BUYBACK,0.7068178265500117,True,WTY-BUYBACK
TK-242848,2025-06-19 21:32:00,2025-06-19 22:47:00,2025-06-19 23:07:00,resolved,email,C105398,,VA-HP-ST3,Charging & Battery,Normal,Email Frontline,A3001,0,2.0,664900.0,DOA-REPL,N,"Hi, Got the strata 3 from Amazon last month. Battery life has dropped to almsot nothing. I fully charged & discharged twice. Nothing changed. Please resolve asap. Awaiting response","cx: rapid battery drain | advised disabling anc/aod to test -> replacement raised after test. refunded rs 6649 and also raised replacement, cx was very upset. ~Suresh",legacy_fd,True,0,6649.0,2025-06-20 04:37:00,2025-06-20 04:37:00,2025-06,2025Q2,False,Suresh Kaur,Chat Frontline,1,VA-HP-ST3,Strata 3 Over-Ear Headphones,headphones,2650,6999,suspected_notes,True,2990.0,9639.0,,,False,DOA-REPL
TK-242771,2025-06-15 20:52:00,2025-06-15 21:07:00,2025-06-15 21:32:00,resolved,voice,C102558,,VA-EB-AIR,Charging & Battery,Normal,Voice Frontline,A3036,1,,152900.0,GW-OTHER,Y,"[IVR transcript] i am losing patience. bought airlie around 11/05 from amazon. case does not charge, no light at all. i allready charged for 6 hours nothing. escalaate this to someone senior.","Customer states case not charging. Asked cx to try different cable + adaptor. xfer to Returns Desk. Replacement raised, RMA shared w/ cx. Will monitor.
Amount returned to card; fresh unit shipped from BLR warehouse.",legacy_fd,True,0,1529.0,2025-06-16 03:02:00,2025-06-16 03:02:00,2025-06,2025Q2,False,Ritika D'Souza,Returns Desk,1,VA-EB-AIR,AirLite Earbuds,earbuds,760,1799,confirmed_flag,True,1100.0,2629.0,WTY-BUYBACK,0.6709659302030403,True,WTY-BUYBACK
TK-242670,2025-06-10 19:33:00,2025-06-10 19:44:00,2025-06-10 20:11:00,resolved,chat,C107555,VR902155,VA-NB-ARC,Connectivity,Normal,Chat Frontline,A3012,0,,129900.0,GW-OTHER,N,"Product: the neckband
Order: VR902155
Purchased: 11/05
Issue: bluetooth pairing fails every time
Tried: tried on another phone
Expected: callback","ticket raised for device not discoverable. chk phone os version. re-pair successful, resolved on chat.
refund processed to source; rplc unit also shipped.",legacy_fd,True,0,1299.0,2025-06-11 01:41:00,2025-06-11 01:41:00,2025-06,2025Q2,False,Lakshmi Srivastava,Chat Frontline,1,VA-NB-ARC,Arc Neckband,earbuds,540,1299,suspected_notes,True,880.0,2179.0,WTY-BUYBACK,0.7239267532147329,True,WTY-BUYBACK
TK-242693,2025-06-11 16:55:00,2025-06-11 17:00:00,2025-06-13 17:55:00,resolved,chat,C104914,VR902719,VA-SW-FIT,Warranty & Repair,Normal,Escalations & Warranty,A3044,0,4.0,159900.0,DOA-REPL,N,"Product: my Nxea Fit band
Order: VR902719
Purchased: May 20
Issue: watch strap broke within a montth
Tried: tried to fix pin
Expected: refund","1. Strap broken
2. Asked for photo
3. Replacement sttrap dispatched. | refund + rplc, cx escalation avoided.",legacy_fd,True,0,1599.0,2025-06-13 23:25:00,2025-06-13 23:25:00,2025-06,2025Q2,False,Arjun Kumar,Escalations & Warranty,2,VA-SW-FIT,Nexa Fit Band,watch,850,1999,suspected_notes,True,1190.0,2789.0,,,False,DOA-REPL
TK-242646,2025-06-09 12:11:00,2025-06-09 12:15:00,2025-06-09 12:43:00,resolved,chat,C106221,VR902437,VA-EB-PL1,Delivery & Shipping,Normal,Logistics,A3027,0,3.0,249900.0,WTY-BUYBACK,N,"Hello Vireo,
Bought Pule earbuds around May 26 form Amazon. Order not delivered, tracking not updating.
I checked the tracking page daily. Nothing changed.
Please call me on my registered number.","1. Shipment not received
2. conf address w/ cx
3. Courier conf dlvry for 14 Jun, cx informed.
Both refund & replacement given as cx threatened social media.",legacy_fd,True,0,2499.0,2025-06-09 18:13:00,2025-06-09 18:13:00,2025-06,2025Q2,False,Priya Agarwal,Logistics,1,VA-EB-PL1,Pulse True Wireless Earbuds,earbuds,1120,2499,suspected_notes,True,1460.0,3959.0,,,False,WTY-BUYBACK
TK-242666,2025-06-10 17:34:00,2025-06-10 17:37:00,2025-06-10 17:47:00,resolved,chat,C103061,,VA-SP-MINI,Other,Normal,Chat Frontline,A3012,0,,249900.0,GW-OTHER,N,"Hi there,
This is regarding Orbit Mini.  Order status stuck on shipped since 31/05.
Please resolve asap.","1. order not delivered
2. raised ticket w/ crr partner
3. crr conf delivery for 11 jun, cx informed. processed fr and raised rma for new set.",legacy_fd,True,0,2499.0,2025-06-10 23:17:00,2025-06-10 23:17:00,2025-06,2025Q2,False,Lakshmi Srivastava,Chat Frontline,1,VA-SP-MINI,Orbit Mini Speaker,speaker,980,2499,suspected_notes,True,1320.0,3819.0,WTY-BUYBACK,0.6998143375773574,True,WTY-BUYBACK
TK-242592,2025-06-05 18:21:00,2025-06-05 19:54:00,2025-06-07 21:17:00,resolved,email,C108497,VR904834,VA-SW-NX1,Warranty & Repair,Normal,Escalations & Warranty,A3044,0,,449900.0,WTY-BUYBACK,N,"Dear Sir/Madam,

I am writing with reference to my order of my Nexa (VR904834) placed on 19-02-2025. Strap pin came off. I have tried to fix pin. I request you to kindly arrange a replacement.

Sincerely,
Meera Siddiqui
Nagpur","1. Straap pin issue
2. Asked for photo
3. Refund approved, Rs 4499, 5-7 working days. -- Refund done and new unit sent as one-time gesture.",legacy_fd,True,0,4499.0,2025-06-08 02:47:00,2025-06-08 02:47:00,2025-06,2025Q2,False,Arjun Kumar,Escalations & Warranty,2,VA-SW-NX1,Nexa Smartwatch,watch,1900,4999,suspected_notes,True,2240.0,6739.0,,,False,WTY-BUYBACK
TK-242512,2025-06-01 15:51:00,2025-06-01 16:05:00,2025-06-04 16:16:00,resolved,chat,C105731,VR907699,VA-SW-NX2,Delivery & Shipping,Normal,Logistics,A3030,0,,1039800.0,WTY-BUYBACK,N,"Product: my Nexa 2 watch
Order: VR907699
Purchased: May 21
Issue: I haven't received my order
Tried: called the courier
Expected: refund","cx reached out - order not delivered. Raised ticket w/ courier partner. Refunded Rs 10398.
Refund done and new unit sent as one-time gesture. //AIS",legacy_fd,True,0,10398.0,2025-06-04 21:46:00,2025-06-04 21:46:00,2025-06,2025Q2,False,Aishwarya Trivedi,Logistics,1,VA-SW-NX2,Nexa 2 Smartwatch,watch,2450,6499,suspected_notes,True,2790.0,13188.0,,,False,WTY-BUYBACK
TK-242441,2025-05-29 13:02:00,2025-05-30 02:20:00,2025-05-30 02:53:00,resolved,email,C101847,,VA-EB-AIR,Audio Quality,Normal,Email Frontline,A3001,0,,143900.0,WTY-BUYBACK,N,"Product: airlite earbuds
Order: VR893049
Purchased: January 31
Issue: buzzing sound from the speaker
Tried: changed EQ
Expected: refund","re: static noise in audio | chhecked with different source -> replacement raised. | refund + rplc, cx escalation avoided. ~Suresh",legacy_fd,True,0,1439.0,2025-05-30 08:23:00,2025-05-30 08:23:00,2025-05,2025Q2,False,Suresh Kaur,Chat Frontline,1,VA-EB-AIR,AirLite Earbuds,earbuds,760,1799,suspected_notes,True,1100.0,2539.0,,,False,WTY-BUYBACK
TK-242332,2025-05-24 11:21:00,2025-05-24 11:22:00,2025-05-24 12:03:00,resolved,chat,C104791,VR883844,VA-EB-PL1,Charging & Battery,Normal,Chat Frontline,A3006,0,,249900.0,GW-OTHER,Y,"hii
no light comes on the case when i plug it in
help","1. case no led / no charge
2. confirmed case led dead
3. replacement case raised. -- refund done and new unit sent as one-time gesture. -VB",legacy_fd,True,0,2499.0,2025-05-24 17:33:00,2025-05-24 17:33:00,2025-05,2025Q2,False,Varun Bhatt,Chat Frontline,1,VA-EB-PL1,Pulse True Wireless Earbuds,earbuds,1120,2499,confirmed_flag,True,1460.0,3959.0,DOA-REPL,0.6436614377948705,True,DOA-REPL
TK-242321,2025-05-23 11:44:00,2025-05-23 11:49:00,2025-05-23 12:12:00,resolved,chat,C106371,VR880970,VA-SW-NX2,Delivery & Shipping,Normal,Logistics,A3028,0,,649900.0,WTY-BUYBACK,Y,"the parcel looked like it was kicked here from the warehouse, and the unit has a crack
how do i get this fixed?","1. transit damage
2. photos rcvd, damage conf
3. rfnd initiated.
amount returned to card; fresh unit shipped from blr warehouse.",legacy_fd,True,0,6499.0,2025-05-23 17:42:00,2025-05-23 17:42:00,2025-05,2025Q2,False,Sameer Kapoor,Logistics,1,VA-SW-NX2,Nexa 2 Smartwatch,watch,2450,6499,confirmed_flag,True,2790.0,9289.0,,,False,WTY-BUYBACK
TK-242130,2025-05-13 11:34:00,2025-05-13 14:59:00,2025-05-16 15:33:00,resolved,email,C108202,VR903702,VA-HP-ST2,Delivery & Shipping,Normal,Logistics,A3030,0,,899800.0,GW-OTHER,N,"hello vireo, i bought strata 2 on may 07. ordered black, got white, not wat i asked for. i rchecked my order. really frustrating. need this sorted this week. please revet zaid","Ticket raised for wrong item delivered. Raised with warehouse. rfnd issued, cx did not want replacement.
rfnd processed to source; replacement unit also shipped. //AIS",legacy_fd,True,0,8998.0,2025-05-16 21:03:00,2025-05-16 21:03:00,2025-05,2025Q2,False,Aishwarya Trivedi,Logistics,1,VA-HP-ST2,Strata 2 Over-Ear Headphones,headphones,2100,4999,suspected_notes,True,2440.0,11438.0,REVIEW (low confidence),0.5010443546911072,True,REVIEW (exceeds Rs 500 cap)
TK-242055,2025-05-08 21:22:00,2025-05-08 21:44:00,2025-05-08 22:08:00,resolved,voice,C101011,VR905100,VA-HP-ST3,Connectivity,Normal,Voice Frontline,A3035,1,,699900.0,GW-OTHER,N,"Dear team, I buoght Strata 3 on 27-01-2025. The pairing light blinks but nothing ever shows up on my Realme. I tried on another phone. I want my money back. Thanks in advance,","Cust contacted re pairing failure. Checked phone OS version. xfer to Billing. Re-pair successful, rslvd on chat. Follow-up not required.
Both rfnd & rplc given as cx threatened social media.",legacy_fd,True,0,6999.0,2025-05-09 03:38:00,2025-05-09 03:38:00,2025-05,2025Q2,False,Dev Kulkarni,Billing,1,VA-HP-ST3,Strata 3 Over-Ear Headphones,headphones,2650,6999,suspected_notes,True,2990.0,9989.0,WTY-BUYBACK,0.6975812693675336,True,WTY-BUYBACK
TK-242030,2025-05-07 14:02:00,2025-05-07 14:17:00,2025-05-07 14:38:00,resolved,voice,C106841,VR892748,VA-SW-FIT,App & Firmware,Normal,Voice Frontline,A3026,0,,159900.0,WTY-BUYBACK,Y,"the pairing light blinks but nothing ever shos up on my Samsung, VR892748","1. Device not discoverable
2. Walked through forget + re-pair
3. Re-pair successful, rslvd on chat. -- Amount returned to card; fresh unit shipped from BLR warehouse. //AAD",legacy_fd,True,0,1599.0,2025-05-07 20:08:00,2025-05-07 20:08:00,2025-05,2025Q2,False,Aadhya Deshpande,Voice Frontline,1,VA-SW-FIT,Nexa Fit Band,watch,850,1999,confirmed_flag,True,1190.0,2789.0,,,False,WTY-BUYBACK
TK-242052,2025-05-08 17:46:00,2025-05-08 17:50:00,2025-05-08 18:24:00,resolved,chat,C103974,VR903916,VA-NB-ARC,Audio Quality,Normal,Chat Frontline,A3005,0,3.0,129900.0,DOA-REPL,N,"Hello Vireo,
Arc neckband purchased in April, order VR903916. Right earbud completely silent.
I checked balance settings. Nothing changed.
Need this sorted this week.
Awaiting response, Aishwarya Kuulkarni",see prev. | Refund done & new unit sent as one-time gesture.,legacy_fd,True,0,1299.0,2025-05-08 23:54:00,2025-05-08 23:54:00,2025-05,2025Q2,False,Payal Bhatia,Chat Frontline,1,VA-NB-ARC,Arc Neckband,earbuds,540,1299,suspected_notes,True,880.0,2179.0,,,False,DOA-REPL
TK-242020,2025-05-07 08:44:00,2025-05-07 08:46:00,2025-05-07 09:01:00,closed,chat,C105178,,VA-SP-ORB,Delivery & Shipping,Normal,Logistics,A3027,0,,539900.0,WTY-BUYBACK,Y,"Hi, I bought the Orbit smart speaker on May 02. Order status stuck on shipped since May 02. I checked the tracking page daily. Not what I expected from Vireo. Please help. Rgds","1. Shipment not received
2. Confirmed address w/ cx
3. Refund initiated as lost in transit. -- Refunded Rs 5399 and also raised replacement, cx was very upset.",legacy_fd,True,0,5399.0,2025-05-07 14:31:00,2025-05-07 14:31:00,2025-05,2025Q2,False,Priya Agarwal,Logistics,1,VA-SP-ORB,Orbit Smart Speaker,speaker,2300,5999,confirmed_flag,True,2640.0,8039.0,,,False,WTY-BUYBACK
TK-241897,2025-04-30 15:46:00,2025-04-30 19:02:00,2025-04-30 19:32:00,resolved,email,C101490,VR906729,VA-EB-PL1,Audio Quality,Normal,Email Frontline,A3018,1,,224900.0,GW-OTHER,Y,everyone on my calls says i sound likke i'm underwater - vr906729,mic issue | checked mic permissions on phone -> replacement unit dispatched. -- Refund done and new unit sent as one-time gesture. ~Krishna,legacy_fd,True,0,2249.0,2025-05-01 01:02:00,2025-05-01 01:02:00,2025-05,2025Q2,False,Krishna Bhatt,Email Frontline,1,VA-EB-PL1,Pulse True Wireless Earbuds,earbuds,1120,2499,confirmed_flag,True,1460.0,3709.0,REVIEW (low confidence),0.5261415073668995,True,REVIEW (exceeds Rs 500 cap)
TK-241806,2025-04-24 21:35:00,2025-04-25 05:18:00,2025-04-25 05:39:00,resolved,email,C109104,VR888266,VA-EB-AIR,Connectivity,Normal,Email Frontline,A3016,0,,359800.0,DOA-REPL,Y,"hey
not pairing with my phone
the airlite buds VR888266
??","Cx reported pairing failure. Asked cx to reset the device. Re-pair successful, resolved on chat.
Amount returned to card; fresh unit shipped from BLR warehouse. -TK",legacy_fd,True,0,3598.0,2025-04-25 11:09:00,2025-04-25 11:09:00,2025-04,2025Q2,False,Thomas Kumar,Email Frontline,1,VA-EB-AIR,AirLite Earbuds,earbuds,760,1799,confirmed_flag,True,1100.0,4698.0,,,False,DOA-REPL
TK-241755,2025-04-22 05:56:00,2025-04-22 07:32:00,2025-05-04 09:14:00,closed,email,C100970,VR897385,VA-SW-NX2,Warranty & Repair,Normal,Escalations & Warranty,A3039,0,,552400.0,GW-OTHER,N,"dear sir/madam,

i am writing with reference to my order of nexa 2 placed on april 04.  the display just ignores my finger half the time. i have restarted. i request you to kindly arrange a replacement.

regards,
lobsang jain","issue: unresponsive display | asked for video -> replacement raised.
cx got the amount back, also sending a new set to keep him happy. ~Reyansh",legacy_fd,True,0,5524.0,2025-05-04 14:44:00,2025-05-04 14:44:00,2025-05,2025Q2,False,Reyansh Mishra,Escalations & Warranty,2,VA-SW-NX2,Nexa 2 Smartwatch,watch,2450,6499,suspected_notes,True,2790.0,8314.0,DOA-REPL,0.7335844400239769,True,DOA-REPL
TK-241688,2025-04-18 09:26:00,2025-04-18 09:30:00,2025-04-18 10:08:00,resolved,chat,C106876,VR898470,VA-EB-AIR,App & Firmware,Normal,Chat Frontline,A3013,0,4.0,179900.0,DOA-REPL,Y,"bhai
pairing is not working
itna paisa diya hai","advised fw update via app, resolved. issue: unable to pair with phone. walked through forget + re-pair. credited full amount, new unit also going out tomorrow. ~Rohit",legacy_fd,True,0,1799.0,2025-04-18 15:38:00,2025-04-18 15:38:00,2025-04,2025Q2,False,Rohit Nair,Chat Frontline,1,VA-EB-AIR,AirLite Earbuds,earbuds,760,1799,confirmed_flag,True,1100.0,2899.0,,,False,DOA-REPL
TK-241575,2025-04-13 11:37:00,2025-04-13 11:42:00,2025-04-16 11:59:00,resolved,chat,C108077,VR903628,VA-EB-PL1,Returns & Refunds,Normal,Returns Desk,A3037,0,,199900.0,GW-OTHER,Y,"sir ji
nobody came for the pickup
10 days ago se
pulse 1 vr903628",rfnd processed without pickup as goodwill. issue: pickup not done. checked pickup awb. | rfnd done and new unit sent as one-time gesture. ~Manish,legacy_fd,True,0,1999.0,2025-04-16 17:29:00,2025-04-16 17:29:00,2025-04,2025Q2,False,Manish Iyer,Returns Desk,1,VA-EB-PL1,Pulse True Wireless Earbuds,earbuds,1120,2499,confirmed_flag,True,1460.0,3459.0,RETURN-QC-OK,0.7071521095216524,True,RETURN-QC-OK
TK-241475,2025-04-07 18:28:00,2025-04-07 22:26:00,2025-04-09 22:40:00,resolved,email,C101390,VR883108,VA-EB-PL1,Delivery & Shipping,Normal,Logistics,A3028,0,,237400.0,WTY-BUYBACK,Y,"order not delivered, tracking not updating
i want a replacement","ticket raised for ord not delivered. confirmed address w/ cx. rto confirmed, reshipped. -- refund + rplc, cx escalation avoided.",legacy_fd,True,0,2374.0,2025-04-10 04:10:00,2025-04-10 04:10:00,2025-04,2025Q2,False,Sameer Kapoor,Logistics,1,VA-EB-PL1,Pulse True Wireless Earbuds,earbuds,1120,2499,confirmed_flag,True,1460.0,3834.0,,,False,WTY-BUYBACK
TK-241466,2025-04-07 07:43:00,2025-04-07 09:32:00,2025-04-07 09:58:00,resolved,email,C106469,,VA-EB-PL1,Charging & Battery,Normal,Email Frontline,A3022,0,,224900.0,WTY-BUYBACK,Y,"Hello Vireo, Bought Pulse earbuds around 27 Sep from vireo.in.  Right side works perfectly, left one just does not wake up. I removed and reinserted it 10 times. Please call me on my registered number. Please revert Rohit","Cx sayys left earbud not taking charge. Confirmed FW 1.4.1. Replacement raised for full set. (SOP 4.2)
refund + rplc, cx escalation avoided.",legacy_fd,True,0,2249.0,2025-04-07 15:28:00,2025-04-07 15:28:00,2025-04,2025Q2,False,Daniel Arora,Email Frontline,1,VA-EB-PL1,Pulse True Wireless Earbuds,earbuds,1120,2499,confirmed_flag,True,1460.0,3709.0,,,False,WTY-BUYBACK
TK-241273,2025-03-28 20:48:00,2025-03-28 20:52:00,2025-03-28 21:17:00,closed,chat,C107518,VR893760,VA-EB-PL1,Audio Quality,Normal,Chat Frontline,A3014,0,3.0,224900.0,GW-OTHER,N,"This is very disappointing. This is regarding Pulse earbuds. I hear music in one ear only, other is mute. I already checked balance settings. This is the last time I buy from you.",rplc raised. Issue: single side audio only. Asked cx to chek bud in case. -AD,legacy_fd,True,0,2249.0,2025-03-29 02:47:00,2025-03-29 02:47:00,2025-03,2025Q1,False,Anjali D'Souza,Chat Frontline,1,VA-EB-PL1,Pulse True Wireless Earbuds,earbuds,1120,2499,suspected_notes,True,1460.0,3709.0,WTY-BUYBACK,0.6725358497394142,True,WTY-BUYBACK
TK-241269,2025-03-28 18:18:00,2025-03-28 18:19:00,2025-03-28 18:39:00,resolved,chat,C102414,VR892044,VA-SP-ORB,Billing & Payments,High,Billing,A3035,0,3.0,569900.0,DOA-REPL,Y,"Honestly regretting this purchase.  Bought the Orbit smart speaker around 28-02-2025 from vireo.in. still waiting for my refund. I already checked bank. I want a replacement or refund, nothing else.","Cx reported rfnd pending. Checked reverse pkp QC status. ARN shared w/ cx. Follow-up not required. | Refunded Rs 5699 & also raised rplc, cx was very upset.",legacy_fd,True,0,5699.0,2025-03-29 00:09:00,2025-03-29 00:09:00,2025-03,2025Q1,False,Dev Kulkarni,Billing,1,VA-SP-ORB,Orbit Smart Speaker,speaker,2300,5999,confirmed_flag,True,2640.0,8339.0,,,False,DOA-REPL
TK-241119,2025-03-20 22:11:00,2025-03-20 22:22:00,2025-03-20 22:54:00,resolved,chat,C106245,,VA-EB-PL1,Audio Quality,Normal,Chat Frontline,A3017,0,3.0,249900.0,WTY-BUYBACK,N,"Product: my Pulse
Purchased: 10/12
Issue: a hiss that wasn't there when I bought it
Tried: tried wired mode
Expected: refund","cx reached out - crackling/distortion. chk fw. fw update, cx to monitor. | rfnd processed to source; rplc unit also shipped. -KS",legacy_fd,True,0,2499.0,2025-03-21 04:24:00,2025-03-21 04:24:00,2025-03,2025Q1,False,Kabir Singh,Email Frontline,1,VA-EB-PL1,Pulse True Wireless Earbuds,earbuds,1120,2499,suspected_notes,True,1460.0,3959.0,,,False,WTY-BUYBACK
TK-241067,2025-03-17 04:30:00,2025-03-17 04:32:00,2025-03-18 05:06:00,resolved,chat,C100210,VR904381,VA-SP-MINI,Returns & Refunds,Low,Returns Desk,A3017,1,,237400.0,GW-OTHER,N,received the wrong item - can someone fix this?,new unit shipped under doa. issue: incorrect product shipped. verified ord vs delivered item photos. via email frontline. -- full rfnd issued & replacement dispatched as goodwill. -KS,legacy_fd,True,0,2374.0,2025-03-18 10:36:00,2025-03-18 10:36:00,2025-03,2025Q1,False,Kabir Singh,Email Frontline,1,VA-SP-MINI,Orbit Mini Speaker,speaker,980,2499,suspected_notes,True,1320.0,3694.0,REVIEW (low confidence),0.5739137189256321,True,REVIEW (exceeds Rs 500 cap)
TK-241062,2025-03-16 14:08:00,2025-03-16 15:16:00,2025-03-16 15:31:00,resolved,email,C106872,,VA-HP-ST3,Connectivity,Normal,Email Frontline,A3018,0,,699900.0,GW-OTHER,Y,"hi team,
this is regarding my strata 3 headphones.  bluetooth pairing fails every time.
i restarted the phone. nothing changed.
i want a replacement.
thanks & regards, zoya","cx: pairing failure | checked phone os version -> reset done, paired ok. -- Both refund and replacement given as cx threatened social media. ~Krishna",legacy_fd,True,0,6999.0,2025-03-16 21:01:00,2025-03-16 21:01:00,2025-03,2025Q1,False,Krishna Bhatt,Email Frontline,1,VA-HP-ST3,Strata 3 Over-Ear Headphones,headphones,2650,6999,confirmed_flag,True,2990.0,9989.0,WTY-BUYBACK,0.7493703820419023,True,WTY-BUYBACK
TK-241027,2025-03-15 07:46:00,2025-03-15 09:41:00,2025-03-15 10:30:00,resolved,email,C109208,,VA-EB-PL1,Audio Quality,Normal,Email Frontline,A3020,0,3.0,249900.0,DOA-REPL,Y,left side has no audio at all,"cx states right side silent. walked through reset. esc to warranty. | issued rfnd + rplc both, tl aware.",legacy_fd,True,0,2499.0,2025-03-15 16:00:00,2025-03-15 16:00:00,2025-03,2025Q1,False,Aadhya Singh,Email Frontline,1,VA-EB-PL1,Pulse True Wireless Earbuds,earbuds,1120,2499,confirmed_flag,True,1460.0,3959.0,,,False,DOA-REPL
TK-240960,2025-03-10 17:24:00,2025-03-10 17:27:00,2025-03-15 17:42:00,resolved,chat,C107638,,VA-AC-CH65,Delivery & Shipping,Normal,Logistics,A3030,0,,149900.0,DOA-REPL,Y,"HI VIREO SUPPORT,
THIS IS REGARDING YOUR CHARGER. My order has not been delivered yet.
I checked w/ neighbours. Nothing changed.
Wating for your reply.
Regards, Sameer","Cust contacted re shipment not received. chk AWB w/ courier. Courier confirmed dlvry for 13 Mar, cx informed. Refunded Rs 1499 & also raised replacement, cx was very upset. //AIS",legacy_fd,True,0,1499.0,2025-03-15 23:12:00,2025-03-15 23:12:00,2025-03,2025Q1,False,Aishwarya Trivedi,Logistics,1,VA-AC-CH65,65W GaN Charger,accessory,610,1499,confirmed_flag,True,950.0,2449.0,,,False,DOA-REPL
TK-240883,2025-03-06 12:33:00,2025-03-06 12:34:00,2025-03-09 12:57:00,resolved,chat,C108858,VR904030,VA-EB-AIR,Delivery & Shipping,Normal,Logistics,A3027,0,,161900.0,DOA-REPL,Y,"hello
the courier marked it delivered but nobdy in my house got anything
kindly do the needful","1. Delivery delayed
2. Raised ticket w/ courier partner
3. rfnd initiated as lost in transit. | rfnd + rplc, cx escalation avoided.",legacy_fd,True,0,1619.0,2025-03-09 18:27:00,2025-03-09 18:27:00,2025-03,2025Q1,False,Priya Agarwal,Logistics,1,VA-EB-AIR,AirLite Earbuds,earbuds,760,1799,confirmed_flag,True,1100.0,2719.0,,,False,DOA-REPL
TK-240864,2025-03-05 12:42:00,2025-03-05 12:58:00,2025-03-10 13:23:00,resolved,social,C106252,VR891299,VA-HP-ST3,Delivery & Shipping,Normal,Logistics,A3031,0,,699900.0,DOA-REPL,N,"product: the strata 3
order: vr891299
purchased: february 25
issue: box was crushed and the the strata 3 is cracked
tried: refused nothing as i didn't notice till later
expected: resolution","issue: transit damage | photos received, damage confirmed -> replacement approved, reverse pickup arranged.
Refund done and new unit sent as one-time gesture.",legacy_fd,True,0,6999.0,2025-03-10 18:53:00,2025-03-10 18:53:00,2025-03,2025Q1,False,Zaid Desai,Logistics,1,VA-HP-ST3,Strata 3 Over-Ear Headphones,headphones,2650,6999,suspected_notes,True,2990.0,9989.0,,,False,DOA-REPL
TK-240829,2025-03-03 17:22:00,2025-03-03 17:23:00,2025-03-03 17:35:00,closed,chat,C100528,,VA-HP-ST3,Delivery & Shipping,Normal,Logistics,A3030,0,,1399800.0,GW-OTHER,Y,"dear sir/madam,

i am writing w/ reference to my order of my strata 3 headphones placed on 23/02. order not delivered, tracking not updating. i have called the courier. i request you to provide a resolution within 3 working days.

regards,
rajat trivedi",Reported: delivery delayed. Confirmed address w/ cx. Refund initiated as lost in transit. -- Amount returned to card; fresh unit shipped from BLR warehouse. //AIS,legacy_fd,True,0,13998.0,2025-03-03 23:05:00,2025-03-03 23:05:00,2025-03,2025Q1,False,Aishwarya Trivedi,Logistics,1,VA-HP-ST3,Strata 3 Over-Ear Headphones,headphones,2650,6999,confirmed_flag,True,2990.0,16988.0,REVIEW (low confidence),0.5938977988137446,True,REVIEW (exceeds Rs 500 cap)
TK-240797,2025-03-01 07:11:00,2025-03-01 07:26:00,2025-03-06 07:41:00,resolved,chat,C102507,VR900312,VA-HP-ST2,Other,Normal,Chat Frontline,A3013,0,4.0,474900.0,WTY-BUYBACK,N,Not acceptable at this price. This is regarding my Strata 2 headphones. orrder status stuck on shipped since February 17. I already checked the tracking page daily. This is the last time I buy from u.,"re-shipped from warehouse. issue: delivery delayed. checked awb with courier. -- issued refund + replacement both, tl aware. ~Rohit",legacy_fd,True,0,4749.0,2025-03-06 13:11:00,2025-03-06 13:11:00,2025-03,2025Q1,False,Rohit Nair,Chat Frontline,1,VA-HP-ST2,Strata 2 Over-Ear Headphones,headphones,2100,4999,suspected_notes,True,2440.0,7189.0,,,False,WTY-BUYBACK
TK-240778,2025-02-27 18:00:00,2025-02-27 18:03:00,2025-02-28 20:56:00,resolved,chat,C101291,VR904620,VA-HP-ST3,Warranty & Repair,Normal,Escalations & Warranty,A3040,0,4.0,559900.0,DOA-REPL,N,"dear team, order vr904620 (strata 3).  what is the status of my warranty claim. please resolve asap. please revert","issue: rma status query | followed up w/ service centre -> cx updated, eta shared (SOP 2.7)
Both refund and replacement given as cx threatened social media.",legacy_fd,True,0,5599.0,2025-03-01 02:26:00,2025-03-01 02:26:00,2025-03,2025Q1,False,Thomas Jadhav,Escalations & Warranty,2,VA-HP-ST3,Strata 3 Over-Ear Headphones,headphones,2650,6999,suspected_notes,True,2990.0,8589.0,,,False,DOA-REPL
TK-240759,2025-02-26 19:35:00,2025-02-26 20:03:00,2025-02-27 20:19:00,resolved,voice,C105412,VR893379,VA-NB-ARC,Delivery & Shipping,Normal,Logistics,A3030,0,3.0,110400.0,DOA-REPL,Y,"Hi there, Got the neckband from vireo.in last month. Opened the parcel and it is a completely different thing. I want my monney back. Thanks Thomas","Cust contacted re incorrect product shipped. Raised w/ warehouse. Replacement raised, RMA shared w/ cx. Credited full amount, new unit also going out tomorrow. //AIS",legacy_fd,True,0,1104.0,2025-02-28 01:49:00,2025-02-28 01:49:00,2025-02,2025Q1,False,Aishwarya Trivedi,Logistics,1,VA-NB-ARC,Arc Neckband,earbuds,540,1299,confirmed_flag,True,880.0,1984.0,,,False,DOA-REPL
TK-240588,2025-02-16 12:47:00,2025-02-16 12:50:00,2025-02-18 13:04:00,resolved,chat,C107527,VR908181,VA-EB-PL1,Delivery & Shipping,Normal,Logistics,A3027,0,3.0,249900.0,GW-OTHER,Y,Pathetic experience honestly. Got my Pulse from Flipkart around Diwali. package not delivered even after 12 days. I already checked with neighbours. Escalate this to someone senior.,"1. Shipment not rcvd
2. Raised ticket with courier partner
3. RTO conf, reshipped. -- Full rfnd issued & rplc dispatched as goodwill.",legacy_fd,True,0,2499.0,2025-02-18 18:34:00,2025-02-18 18:34:00,2025-02,2025Q1,False,Priya Agarwal,Logistics,1,VA-EB-PL1,Pulse True Wireless Earbuds,earbuds,1120,2499,confirmed_flag,True,1460.0,3959.0,LOST-TRANSIT,0.7234921786414701,True,LOST-TRANSIT
TK-240545,2025-02-12 20:04:00,2025-02-12 21:29:00,2025-02-12 21:58:00,resolved,voice,C106854,VR881791,VA-HP-ST3,Delivery & Shipping,Normal,Logistics,A3030,0,,629900.0,GW-OTHER,Y,[IVR transcript] i ordered strata 3 and got something else. i want my money back,"Cust contacted re wrong variant received. Raised with warehouse. rplc dispatched. Credited full amount, new unit also going out tomorrow. //AIS",legacy_fd,True,0,6299.0,2025-02-13 03:28:00,2025-02-13 03:28:00,2025-02,2025Q1,False,Aishwarya Trivedi,Logistics,1,VA-HP-ST3,Strata 3 Over-Ear Headphones,headphones,2650,6999,confirmed_flag,True,2990.0,9289.0,DOA-REPL,0.7659023772981033,True,DOA-REPL
TK-240483,2025-02-08 09:19:00,2025-02-08 11:01:00,2025-02-08 11:22:00,resolved,voice,C105878,VR906638,VA-HP-ST3,Charging & Battery,Normal,Voice Frontline,A3025,0,,559900.0,GW-OTHER,Y,"team,
the promised 45 hours is nowhere close, i get maybe 2
please help karo
strata 3 VR906638
urgent",esc to wty. issue: rapid battery drain. adv disabling anc/aod to test. | both refund & replacement given as cx threatened social media. //KOM,legacy_fd,True,0,5599.0,2025-02-08 16:52:00,2025-02-08 16:52:00,2025-02,2025Q1,False,Komal Malhotra,Voice Frontline,1,VA-HP-ST3,Strata 3 Over-Ear Headphones,headphones,2650,6999,confirmed_flag,True,2990.0,8589.0,REVIEW (low confidence),0.497466202517121,True,REVIEW (exceeds Rs 500 cap)
TK-240444,2025-02-05 09:15:00,2025-02-05 15:52:00,2025-02-05 16:25:00,resolved,email,C108886,,VA-SP-ORB,Connectivity,Normal,Email Frontline,A3018,0,,599900.0,WTY-BUYBACK,Y,it goes silent for a second every few minutes and comes back. please advise,issue: intermittent disconnects | checked interference sources -> replacement raised. -- Reversed the payment and dispatched a new one under RMA. ~Krishna,legacy_fd,True,0,5999.0,2025-02-05 21:55:00,2025-02-05 21:55:00,2025-02,2025Q1,False,Krishna Bhatt,Email Frontline,1,VA-SP-ORB,Orbit Smart Speaker,speaker,2300,5999,confirmed_flag,True,2640.0,8639.0,,,False,WTY-BUYBACK
TK-240320,2025-01-26 18:44:00,2025-01-26 22:37:00,2025-01-26 23:16:00,resolved,email,C103944,VR881385,VA-EB-AIR,Audio Quality,Normal,Email Frontline,A3002,0,3.0,179900.0,GW-OTHER,N,"hey
there is a frying sound in the background of every song
the airlite buds
help","issue: crackling/distortion | checked fw -> advised eq reset, resolved. -- refund + rplc, cx escalation avoided. [closed]",legacy_fd,True,0,1799.0,2025-01-27 04:46:00,2025-01-27 04:46:00,2025-01,2025Q1,False,Steven Ansari,Chat Frontline,1,VA-EB-AIR,AirLite Earbuds,earbuds,760,1799,suspected_notes,True,1100.0,2899.0,DOA-REPL,0.6019734103228359,True,DOA-REPL
TK-240258,2025-01-20 07:22:00,2025-01-20 07:38:00,2025-01-20 08:12:00,resolved,chat,C101969,,VA-HP-ST2,Audio Quality,Normal,Chat Frontline,A3006,0,,424900.0,DOA-REPL,Y,"Got my Strata 2 headphones from Amazon 10 days ago. Right earbud completely silent. I tried different phone. Nothing changed. Kindly look into it. Awaiting response,",replacement raised. issue: right side silent. walked through reset. -- both refund and replacement given as cx threatened social media. -VB,legacy_fd,True,0,4249.0,2025-01-20 13:42:00,2025-01-20 13:42:00,2025-01,2025Q1,False,Varun Bhatt,Chat Frontline,1,VA-HP-ST2,Strata 2 Over-Ear Headphones,headphones,2100,4999,confirmed_flag,True,2440.0,6689.0,,,False,DOA-REPL
TK-240028,2025-01-03 11:42:00,2025-01-03 12:53:00,2025-01-03 13:19:00,closed,voice,C100455,VR888855,VA-EB-PL1,Returns & Refunds,High,Returns Desk,A3037,0,4.0,249900.0,GW-OTHER,N,Not acceptable at this price. Odrer VR888855 (pulse 1). nobody came for the pickup. I already called courier. This is the last time I buy from you.,"cx ok. | issued refund + replacement both, tl aware. ~Manish",legacy_fd,True,0,2499.0,2025-01-03 18:49:00,2025-01-03 18:49:00,2025-01,2025Q1,False,Manish Iyer,Returns Desk,1,VA-EB-PL1,Pulse True Wireless Earbuds,earbuds,1120,2499,suspected_notes,True,1460.0,3959.0,REVIEW (low confidence),0.34956293163444707,True,REVIEW (exceeds Rs 500 cap)
TK-240016,2025-01-02 13:41:00,2025-01-02 14:10:00,2025-01-02 14:45:00,resolved,email,C103696,VR897275,VA-EB-AIR,Connectivity,Normal,Email Frontline,A3018,0,,34200.0,WTY-BUYBACK,N,"to the vireo customer care team,

i am writinng wtih reference to my odrer of ailite (vr897275) placed on november 28. the sound stutters whenever my phone is in my pocket. i have kept phone in hand. i request you to look into this matter at the earliest.

sincerely,
payal jadhav",re: bt dropouts | checked interference sources -> replacement raised,legacy_fd,True,0,342.0,2025-01-02 20:15:00,2025-01-02 20:15:00,2025-01,2025Q1,False,Krishna Bhatt,Email Frontline,1,VA-EB-AIR,AirLite Earbuds,earbuds,760,1799,suspected_notes,True,1100.0,1442.0,,,False,WTY-BUYBACK
